Invoice ID,Client Name,Service Type,Case Type,Invoice Date,Hours Billed,Rate per Hour,Total Fees,Payment Status
1000,Adam Bolton,Legal Advisory,Family Law,2024-11-08,3.2,350,1120.0,Paid
1001,Michelle Wolfe,Contract Review,Employment Law,2024-04-13,1.4,300,420.0,Paid
1002,Isaac Ochoa,Consultation,Business Law,2025-02-13,7.9,300,2370.0,Paid
1003,Morgan Smith DDS,Litigation,Corporate Law,2024-12-06,9.9,400,3960.0,Paid
1004,Erik Brown,Litigation,Family Law,2025-02-17,3.6,350,1260.0,Paid
1005,Diane Martinez,Litigation,Probate Law,2024-12-14,5.6,400,2240.0,Paid
1006,Rebecca Parker,Contract Review,Corporate Law,2024-08-28,9.1,350,3185.0,Paid
1007,Lauren Gonzalez,Mediation,Business Law,2024-12-20,4.3,350,1505.0,Pending
1008,Jennifer Miller,Consultation,Probate Law,2024-05-03,9.2,400,3680.0,Paid
1009,Jared Adams,Estate Planning,Corporate Law,2024-05-18,6.9,350,2415.0,Paid
1010,Melinda Shepard,Contract Review,Employment Law,2024-12-29,8.9,250,2225.0,Pending
1011,Jason Roberts,Contract Review,Family Law,2024-10-10,7.4,250,1850.0,Pending
1012,Deborah Jensen,Litigation,Corporate Law,2024-05-03,5.8,250,1450.0,Overdue
1013,Katherine Velasquez DDS,Estate Planning,Criminal Defense,2025-02-07,7.9,400,3160.0,Paid
1014,Taylor Cardenas,Consultation,Criminal Defense,2024-11-10,2.2,300,660.0,Paid
1015,William Bennett,Estate Planning,Criminal Defense,2024-10-23,5.2,250,1300.0,Paid
1016,Jason Mason,Legal Advisory,Employment Law,2024-12-13,6.4,300,1920.0,Pending
1017,Cesar Flores,Consultation,Criminal Defense,2025-01-06,6.8,250,1700.0,Paid
1018,Bonnie Pollard,Consultation,Family Law,2025-02-13,7.0,350,2450.0,Pending
1019,Shaun Williams,Estate Planning,Family Law,2024-09-28,7.3,250,1825.0,Overdue
1020,Dustin Thompson,Litigation,Criminal Defense,2024-11-08,7.5,400,3000.0,Paid
1021,Melanie Ward,Estate Planning,Corporate Law,2024-12-12,5.2,250,1300.0,Pending
1022,Joshua Santiago,Mediation,Business Law,2024-07-16,5.0,250,1250.0,Pending
1023,Amanda Navarro,Litigation,Employment Law,2024-04-22,1.7,250,425.0,Overdue
1024,Shirley Mora,Contract Review,Probate Law,2024-06-14,2.9,300,870.0,Paid
1025,Jennifer Hall,Litigation,Business Law,2024-12-12,6.0,250,1500.0,Paid
1026,Brian Hill,Consultation,Employment Law,2024-04-19,4.3,300,1290.0,Paid
1027,Trevor Kim,Consultation,Business Law,2024-05-03,4.9,250,1225.0,Paid
1028,Ashley Good,Legal Advisory,Family Law,2024-05-05,9.7,250,2425.0,Paid
1029,Holly Meadows,Consultation,Criminal Defense,2024-10-09,9.7,300,2910.0,Pending
1030,Stephanie Flynn,Legal Advisory,Corporate Law,2024-11-02,9.9,350,3465.0,Paid
1031,Jonathan Decker,Legal Advisory,Criminal Defense,2024-10-31,6.8,350,2380.0,Paid
1032,William Carter,Estate Planning,Family Law,2024-11-14,4.7,300,1410.0,Paid
1033,Betty Carroll,Consultation,Business Law,2024-08-31,6.4,250,1600.0,Paid
1034,Craig Vargas,Consultation,Employment Law,2024-10-26,3.4,350,1190.0,Paid
1035,Mindy Anderson,Estate Planning,Probate Law,2025-02-18,9.9,300,2970.0,Pending
1036,Thomas Ball,Consultation,Corporate Law,2025-02-13,6.5,300,1950.0,Paid
1037,Jordan Rojas,Mediation,Corporate Law,2025-03-05,8.3,300,2490.0,Paid
1038,Mary Smith DDS,Legal Advisory,Family Law,2024-11-06,7.5,350,2625.0,Paid
1039,Rebecca Sullivan,Legal Advisory,Probate Law,2024-04-10,8.3,400,3320.0,Paid
1040,Laura Hammond,Consultation,Family Law,2024-07-06,3.3,250,825.0,Overdue
1041,David Bennett,Litigation,Criminal Defense,2024-09-18,3.5,250,875.0,Paid
1042,Sarah Johnson,Contract Review,Business Law,2024-06-29,9.5,400,3800.0,Paid
1043,Steven Everett,Consultation,Corporate Law,2024-07-25,9.3,250,2325.0,Paid
1044,Nicholas Hayes,Estate Planning,Corporate Law,2024-05-16,2.4,400,960.0,Paid
1045,Lisa Matthews,Legal Advisory,Criminal Defense,2025-01-26,9.7,250,2425.0,Overdue
1046,Peter Ryan,Consultation,Corporate Law,2025-02-06,9.5,250,2375.0,Pending
1047,David Shaw,Estate Planning,Corporate Law,2024-06-28,3.8,400,1520.0,Pending
1048,George Nielsen,Litigation,Probate Law,2024-08-17,3.7,300,1110.0,Paid
1049,Carol Baxter,Estate Planning,Employment Law,2025-01-05,4.1,350,1435.0,Paid
1050,Ashley Stevens,Contract Review,Corporate Law,2024-08-09,6.1,300,1830.0,Paid
1051,Maria Neal,Consultation,Employment Law,2024-03-24,2.3,350,805.0,Paid
1052,Heather Harris,Litigation,Family Law,2025-02-12,8.2,350,2870.0,Paid
1053,Monica Lewis,Mediation,Employment Law,2025-03-02,9.9,350,3465.0,Paid
1054,Lauren Vazquez,Legal Advisory,Criminal Defense,2024-06-12,5.0,300,1500.0,Paid
1055,Carol Martinez,Estate Planning,Criminal Defense,2025-02-07,5.4,400,2160.0,Paid
1056,Jill Grant,Consultation,Corporate Law,2024-07-05,4.0,400,1600.0,Pending
1057,Jasmine Reed,Litigation,Probate Law,2024-11-27,2.1,400,840.0,Pending
1058,Scott Burns,Mediation,Business Law,2024-05-16,8.8,400,3520.0,Paid
1059,Brenda Barker,Consultation,Business Law,2024-10-09,4.3,300,1290.0,Paid
1060,Lisa Brown,Consultation,Probate Law,2024-04-26,6.5,350,2275.0,Paid
1061,Isaac Klein,Contract Review,Employment Law,2024-12-21,9.7,300,2910.0,Pending
1062,Dawn Flores,Litigation,Family Law,2024-04-19,7.0,250,1750.0,Paid
1063,Kenneth Campbell,Contract Review,Employment Law,2024-12-28,1.9,300,570.0,Paid
1064,William Ford,Estate Planning,Corporate Law,2024-07-18,3.5,400,1400.0,Paid
1065,Kara Knox,Estate Planning,Criminal Defense,2025-01-21,1.0,400,400.0,Paid
1066,Tina Rodriguez,Estate Planning,Employment Law,2024-07-25,9.7,400,3880.0,Paid
1067,Elizabeth Hernandez,Mediation,Family Law,2025-01-16,4.6,250,1150.0,Paid
1068,Linda Warner,Estate Planning,Corporate Law,2025-01-07,6.2,350,2170.0,Overdue
1069,Patricia Wiley,Consultation,Business Law,2024-11-27,7.6,250,1900.0,Paid
1070,Megan Clark,Consultation,Employment Law,2024-07-18,5.2,350,1820.0,Pending
1071,Aaron Walker,Litigation,Employment Law,2024-03-27,8.6,350,3010.0,Paid
1072,Angela Cantu,Estate Planning,Criminal Defense,2024-12-26,6.3,300,1890.0,Paid
1073,Mr. Christopher Knapp,Legal Advisory,Business Law,2025-02-11,6.3,350,2205.0,Paid
1074,Sherry Moreno,Legal Advisory,Employment Law,2024-10-26,8.2,350,2870.0,Paid
1075,Lauren Quinn,Litigation,Business Law,2024-05-27,1.1,350,385.0,Pending
1076,Jonathan Scott,Estate Planning,Employment Law,2024-08-18,3.8,300,1140.0,Overdue
1077,Christian Ortiz,Consultation,Corporate Law,2025-01-07,9.1,400,3640.0,Pending
1078,David Perez,Litigation,Business Law,2024-09-20,8.0,350,2800.0,Pending
1079,Ryan Oliver,Mediation,Family Law,2024-05-23,5.2,250,1300.0,Paid
1080,Tiffany Cochran,Legal Advisory,Probate Law,2024-11-28,1.9,300,570.0,Paid
1081,Justin Lyons,Contract Review,Corporate Law,2024-05-06,8.2,400,3280.0,Paid
1082,Timothy Hernandez,Estate Planning,Probate Law,2024-09-14,8.6,300,2580.0,Pending
1083,Emily Howard,Consultation,Probate Law,2024-12-07,8.3,350,2905.0,Paid
1084,James Griffin,Contract Review,Corporate Law,2024-11-25,3.3,250,825.0,Pending
1085,Caleb Sutton DDS,Legal Advisory,Probate Law,2025-01-21,2.3,350,805.0,Paid
1086,Michael Butler,Contract Review,Family Law,2024-03-26,3.3,300,990.0,Paid
1087,John Arias,Consultation,Employment Law,2024-03-24,3.8,300,1140.0,Overdue
1088,Evan Lucas,Consultation,Criminal Defense,2024-09-24,5.9,300,1770.0,Pending
1089,Breanna Melton,Contract Review,Family Law,2024-05-25,6.5,300,1950.0,Paid
1090,William Abbott,Consultation,Criminal Defense,2024-03-14,7.8,400,3120.0,Paid
1091,Michael Adams,Legal Advisory,Business Law,2024-09-12,3.1,350,1085.0,Paid
1092,Tony Roberson,Mediation,Employment Law,2024-12-16,2.1,250,525.0,Pending
1093,Cheryl Zimmerman,Contract Review,Criminal Defense,2024-10-22,2.0,400,800.0,Paid
1094,Kristopher Brown,Litigation,Probate Law,2024-04-15,7.3,400,2920.0,Pending
1095,Kimberly Fox,Contract Review,Business Law,2024-11-05,1.1,400,440.0,Paid
1096,Andrew Wiley,Contract Review,Corporate Law,2024-09-15,4.6,400,1840.0,Paid
1097,Anthony Carrillo,Consultation,Family Law,2024-05-17,8.7,250,2175.0,Paid
1098,William Aguilar,Contract Review,Business Law,2024-04-27,1.5,300,450.0,Paid
1099,Angela Pope DVM,Mediation,Probate Law,2024-11-17,8.8,350,3080.0,Paid
1100,Mary Gallagher,Legal Advisory,Criminal Defense,2025-01-30,5.4,350,1890.0,Paid
1101,Ian Owens,Estate Planning,Corporate Law,2025-01-13,9.4,300,2820.0,Paid
1102,Tammy Mason,Contract Review,Corporate Law,2024-07-28,9.0,400,3600.0,Paid
1103,Shawn Gonzalez,Contract Review,Corporate Law,2024-06-10,7.4,400,2960.0,Overdue
1104,Dakota Cox,Mediation,Corporate Law,2024-06-27,9.0,300,2700.0,Overdue
1105,Charles Moore,Mediation,Employment Law,2024-03-29,9.2,400,3680.0,Paid
1106,Hannah Shaw,Consultation,Employment Law,2024-05-04,2.1,400,840.0,Paid
1107,Christopher Robinson,Mediation,Employment Law,2024-04-25,7.0,400,2800.0,Paid
1108,Cassidy Obrien,Estate Planning,Criminal Defense,2024-11-22,7.6,400,3040.0,Paid
1109,Richard Hanna,Consultation,Family Law,2024-04-20,4.0,300,1200.0,Paid
1110,Terry Wallace,Consultation,Corporate Law,2025-01-30,7.4,300,2220.0,Paid
1111,Meghan Smith,Mediation,Family Law,2024-08-17,1.9,300,570.0,Pending
1112,Aaron Flores,Litigation,Criminal Defense,2025-02-05,6.2,300,1860.0,Paid
1113,Timothy Chapman,Consultation,Criminal Defense,2024-10-04,4.8,350,1680.0,Paid
1114,Pamela Andrews,Mediation,Employment Law,2025-01-29,2.3,250,575.0,Paid
1115,Lori Rivera,Contract Review,Probate Law,2024-03-25,4.4,300,1320.0,Pending
1116,Rebecca Bennett,Litigation,Probate Law,2024-05-10,8.6,250,2150.0,Pending
1117,Lawrence Ortiz,Consultation,Business Law,2024-07-03,3.6,350,1260.0,Paid
1118,Frank Long,Mediation,Corporate Law,2024-10-25,3.2,400,1280.0,Overdue
1119,Brian Reed,Litigation,Criminal Defense,2024-12-23,2.4,350,840.0,Paid
1120,Joshua Day,Litigation,Family Law,2024-08-13,8.9,400,3560.0,Pending
1121,Austin Brown,Estate Planning,Business Law,2024-10-13,4.1,250,1025.0,Pending
1122,Christine Jones,Legal Advisory,Business Law,2024-03-14,8.5,350,2975.0,Paid
1123,Donna Hamilton,Consultation,Employment Law,2024-11-06,7.7,300,2310.0,Paid
1124,Chelsea Hill,Mediation,Employment Law,2024-09-16,5.0,300,1500.0,Paid
1125,James Guerrero,Mediation,Business Law,2025-01-25,7.3,400,2920.0,Paid
1126,Mrs. Alicia Scott PhD,Contract Review,Family Law,2024-10-03,7.9,400,3160.0,Paid
1127,Marcus Jones,Litigation,Employment Law,2024-12-14,4.3,400,1720.0,Paid
1128,Nancy Martin,Consultation,Criminal Defense,2024-11-11,2.3,350,805.0,Paid
1129,Anthony Griffith,Consultation,Family Law,2024-06-17,1.7,250,425.0,Paid
1130,Sara Rodriguez,Estate Planning,Criminal Defense,2024-08-05,5.1,350,1785.0,Pending
1131,Tracey Jefferson,Legal Advisory,Family Law,2024-08-10,5.3,400,2120.0,Paid
1132,Michelle Le,Litigation,Business Law,2024-12-14,3.3,350,1155.0,Paid
1133,Matthew Humphrey,Consultation,Family Law,2025-03-03,8.8,250,2200.0,Overdue
1134,Michael Castro,Legal Advisory,Business Law,2024-10-11,3.1,350,1085.0,Paid
1135,Maria Bean,Consultation,Business Law,2024-04-23,6.5,300,1950.0,Paid
1136,Mary Acevedo,Estate Planning,Business Law,2025-03-05,8.1,400,3240.0,Pending
1137,Tina Goodman,Consultation,Employment Law,2024-09-29,1.3,400,520.0,Overdue
1138,Jaime Mitchell,Mediation,Probate Law,2025-01-19,2.3,350,805.0,Paid
1139,Angela Gardner,Contract Review,Corporate Law,2025-03-06,5.9,250,1475.0,Overdue
1140,Andrew Hodge,Legal Advisory,Family Law,2024-12-22,7.3,400,2920.0,Paid
1141,Anne Nunez,Mediation,Probate Law,2024-04-02,2.6,300,780.0,Paid
1142,Amy Webb,Mediation,Family Law,2024-04-13,4.0,350,1400.0,Paid
1143,Jeremy Hamilton,Litigation,Criminal Defense,2024-04-26,2.3,350,805.0,Paid
1144,Melissa Wiley,Mediation,Probate Law,2024-12-26,1.5,400,600.0,Pending
1145,Jason Walters,Legal Advisory,Employment Law,2024-06-16,7.4,250,1850.0,Paid
1146,Anna Fox,Litigation,Criminal Defense,2024-08-23,5.1,400,2040.0,Pending
1147,Michael Rodriguez,Contract Review,Probate Law,2024-12-08,6.2,350,2170.0,Pending
1148,Lindsey Taylor,Mediation,Employment Law,2024-06-02,2.2,300,660.0,Pending
1149,Jill Green,Legal Advisory,Corporate Law,2024-06-15,6.1,350,2135.0,Paid
1150,Jeremy Smith,Mediation,Business Law,2025-01-12,2.1,300,630.0,Paid
1151,James Gallagher,Estate Planning,Business Law,2024-07-26,2.3,250,575.0,Pending
1152,Adam Wagner,Consultation,Business Law,2024-11-16,7.4,300,2220.0,Paid
1153,Benjamin Smith,Consultation,Employment Law,2024-12-21,6.5,350,2275.0,Paid
1154,Anna Schneider,Legal Advisory,Probate Law,2024-10-28,9.9,350,3465.0,Paid
1155,John Harris,Litigation,Employment Law,2024-04-03,8.0,350,2800.0,Overdue
1156,Mr. Stephen Cardenas,Estate Planning,Corporate Law,2025-01-30,6.8,350,2380.0,Paid
1157,Kelly Francis,Consultation,Employment Law,2024-11-18,5.1,250,1275.0,Paid
1158,Joan Hardy,Contract Review,Probate Law,2024-09-14,8.4,350,2940.0,Paid
1159,David Berry,Consultation,Probate Law,2024-03-27,4.6,300,1380.0,Paid
1160,Wesley Lowe,Contract Review,Corporate Law,2024-07-01,7.1,300,2130.0,Paid
1161,Tim Lucas,Contract Review,Family Law,2024-06-19,9.4,300,2820.0,Paid
1162,Timothy Acosta,Consultation,Employment Law,2024-08-11,7.1,300,2130.0,Paid
1163,Jamie Hill,Legal Advisory,Business Law,2024-08-17,2.4,300,720.0,Pending
1164,Traci Turner,Contract Review,Employment Law,2024-11-29,2.1,300,630.0,Pending
1165,Kathy Moran,Mediation,Corporate Law,2024-10-22,5.2,300,1560.0,Pending
1166,Donald Potts,Contract Review,Family Law,2024-12-18,6.5,250,1625.0,Paid
1167,James Jackson,Legal Advisory,Corporate Law,2024-12-15,2.0,300,600.0,Paid
1168,Samantha Baird,Mediation,Employment Law,2024-10-04,8.1,400,3240.0,Paid
1169,Tiffany Hunter,Estate Planning,Probate Law,2024-09-19,7.0,350,2450.0,Paid
1170,Carl Avila,Mediation,Business Law,2024-12-07,9.0,300,2700.0,Paid
1171,Tiffany Johnson,Consultation,Family Law,2024-05-22,4.2,350,1470.0,Paid
1172,Anthony Moore,Consultation,Business Law,2024-10-02,8.6,400,3440.0,Paid
1173,Evelyn Wilson,Consultation,Criminal Defense,2024-11-29,7.2,400,2880.0,Paid
1174,James Gallagher,Estate Planning,Employment Law,2024-05-04,3.6,400,1440.0,Paid
1175,Kristin Jackson,Litigation,Criminal Defense,2024-06-14,9.8,250,2450.0,Paid
1176,Whitney Everett,Contract Review,Employment Law,2025-02-18,3.2,400,1280.0,Overdue
1177,Krista Richardson DVM,Estate Planning,Business Law,2024-06-04,8.2,350,2870.0,Pending
1178,Tricia Foster,Mediation,Corporate Law,2024-08-07,5.8,250,1450.0,Paid
1179,Julie Massey,Litigation,Business Law,2024-06-21,8.0,250,2000.0,Pending
1180,James Hunter,Litigation,Family Law,2025-01-10,8.5,350,2975.0,Pending
1181,Andrea Cooper,Consultation,Employment Law,2024-11-05,2.4,350,840.0,Paid
1182,Cheyenne Jackson,Estate Planning,Criminal Defense,2024-10-16,7.3,300,2190.0,Paid
1183,Brandon Jones,Contract Review,Employment Law,2024-12-05,6.7,300,2010.0,Paid
1184,Connor Perry,Consultation,Employment Law,2025-01-31,8.9,400,3560.0,Paid
1185,Timothy Taylor,Mediation,Corporate Law,2024-11-12,4.9,250,1225.0,Pending
1186,Andrew Collins,Litigation,Business Law,2024-09-07,3.8,250,950.0,Paid
1187,Kayla Conley,Estate Planning,Business Law,2024-03-20,8.8,300,2640.0,Overdue
1188,Bryan Gomez,Contract Review,Family Law,2024-03-24,5.0,300,1500.0,Paid
1189,Blake Smith,Litigation,Criminal Defense,2024-07-04,5.7,350,1995.0,Paid
1190,Katherine Mason,Mediation,Probate Law,2025-01-13,5.1,400,2040.0,Overdue
1191,Karen Hernandez,Contract Review,Corporate Law,2024-11-13,9.9,250,2475.0,Overdue
1192,Richard Orozco,Estate Planning,Business Law,2024-11-19,6.9,400,2760.0,Paid
1193,Anna Collier,Contract Review,Business Law,2024-05-30,4.8,350,1680.0,Paid
1194,Thomas Jones,Consultation,Corporate Law,2024-06-11,3.3,250,825.0,Paid
1195,Justin Jenkins,Consultation,Corporate Law,2024-03-21,3.2,350,1120.0,Paid
1196,Wyatt Turner,Estate Planning,Business Law,2024-09-24,9.3,350,3255.0,Paid
1197,Paula Norris,Litigation,Business Law,2024-07-14,1.2,250,300.0,Paid
1198,Terri Bowen,Legal Advisory,Corporate Law,2024-04-17,9.2,300,2760.0,Paid
1199,Heidi King,Estate Planning,Employment Law,2025-01-27,3.2,400,1280.0,Paid
1200,Mitchell Hicks,Contract Review,Employment Law,2024-11-18,2.1,400,840.0,Paid
1201,Kimberly Fletcher,Consultation,Criminal Defense,2024-04-16,6.8,250,1700.0,Paid
1202,Jenna Pacheco,Consultation,Family Law,2024-06-05,9.5,300,2850.0,Pending
1203,Harold Pope,Estate Planning,Corporate Law,2024-08-20,3.6,300,1080.0,Overdue
1204,Christopher Tran,Mediation,Business Law,2024-07-14,4.3,250,1075.0,Paid
1205,Tyler Williams,Mediation,Family Law,2024-03-19,8.6,250,2150.0,Paid
1206,Courtney Ruiz,Litigation,Criminal Defense,2024-11-01,2.5,400,1000.0,Paid
1207,Carol Bishop,Consultation,Corporate Law,2024-09-25,1.6,400,640.0,Paid
1208,Tanya Reyes,Legal Advisory,Business Law,2024-03-16,1.5,250,375.0,Overdue
1209,Veronica Andrews,Estate Planning,Family Law,2024-10-05,8.3,350,2905.0,Pending
1210,Colin Smith,Estate Planning,Probate Law,2024-04-26,8.7,250,2175.0,Paid
1211,Tony Ochoa,Contract Review,Business Law,2024-09-18,7.6,400,3040.0,Paid
1212,Stephanie Ball,Contract Review,Probate Law,2024-04-15,6.6,250,1650.0,Paid
1213,Donna Barker,Contract Review,Business Law,2024-07-04,1.3,400,520.0,Paid
1214,Katherine Hale,Estate Planning,Business Law,2025-01-06,6.9,400,2760.0,Paid
1215,Wendy Murphy,Mediation,Family Law,2024-07-08,7.3,250,1825.0,Paid
1216,Kiara Walls,Mediation,Family Law,2024-03-12,8.0,250,2000.0,Paid
1217,Brandon Phillips,Mediation,Corporate Law,2024-09-24,3.9,250,975.0,Paid
1218,Melissa Walsh,Litigation,Criminal Defense,2024-09-09,1.2,250,300.0,Overdue
1219,Carrie Thomas,Legal Advisory,Corporate Law,2024-11-07,1.6,250,400.0,Paid
1220,Debbie Hayden,Consultation,Corporate Law,2024-03-31,1.0,250,250.0,Overdue
1221,Tiffany Dalton,Consultation,Corporate Law,2024-03-25,3.4,400,1360.0,Paid
1222,Alan Rodriguez,Contract Review,Criminal Defense,2024-10-24,5.4,250,1350.0,Paid
1223,Natalie Hudson,Litigation,Employment Law,2024-04-17,8.7,300,2610.0,Paid
1224,Kim Perez,Contract Review,Business Law,2024-03-08,6.9,350,2415.0,Paid
1225,Julie Hughes,Estate Planning,Family Law,2024-08-02,9.5,300,2850.0,Paid
1226,Sarah Stewart,Litigation,Corporate Law,2024-12-12,5.9,300,1770.0,Paid
1227,Gary Oconnor,Mediation,Corporate Law,2024-08-25,2.8,350,980.0,Paid
1228,Mark Miller,Litigation,Probate Law,2024-10-23,4.3,250,1075.0,Paid
1229,Timothy Knight,Estate Planning,Family Law,2024-07-15,6.0,300,1800.0,Paid
1230,Robert Gonzalez,Estate Planning,Probate Law,2024-06-11,4.3,350,1505.0,Overdue
1231,Matthew Baker,Estate Planning,Family Law,2025-02-18,8.0,350,2800.0,Paid
1232,Elizabeth Mendoza,Contract Review,Business Law,2025-01-26,1.0,400,400.0,Overdue
1233,Barbara Galloway,Mediation,Corporate Law,2024-05-29,7.2,350,2520.0,Paid
1234,Alejandro Harrison,Contract Review,Corporate Law,2025-02-03,5.5,400,2200.0,Overdue
1235,Lisa Charles,Estate Planning,Criminal Defense,2024-07-11,1.8,400,720.0,Paid
1236,Jack Jensen MD,Legal Advisory,Family Law,2024-10-19,2.2,300,660.0,Paid
1237,James Gomez,Contract Review,Criminal Defense,2024-03-11,6.5,350,2275.0,Pending
1238,Joseph Melton,Litigation,Criminal Defense,2024-07-28,6.6,400,2640.0,Paid
1239,Catherine Howe,Estate Planning,Business Law,2025-01-17,1.4,300,420.0,Paid
1240,Natalie Ritter,Legal Advisory,Corporate Law,2024-03-13,6.5,350,2275.0,Paid
1241,Matthew Powell,Estate Planning,Corporate Law,2024-11-13,4.5,250,1125.0,Pending
1242,Marc Young,Estate Planning,Probate Law,2024-09-02,8.8,400,3520.0,Paid
1243,Thomas James,Estate Planning,Family Law,2025-02-23,4.2,250,1050.0,Paid
1244,April Peters,Estate Planning,Employment Law,2025-02-19,1.9,400,760.0,Paid
1245,Linda Robinson,Mediation,Employment Law,2025-01-04,7.2,300,2160.0,Paid
1246,John Hill,Consultation,Family Law,2024-03-24,3.2,300,960.0,Pending
1247,Desiree Curtis,Litigation,Probate Law,2024-10-11,4.3,300,1290.0,Pending
1248,Stephen Garrison,Legal Advisory,Business Law,2024-10-16,7.4,400,2960.0,Paid
1249,Susan Moore,Litigation,Family Law,2024-07-02,3.1,350,1085.0,Pending
1250,Karen Campbell,Contract Review,Corporate Law,2024-12-08,5.9,400,2360.0,Overdue
1251,Ashley Wright,Estate Planning,Corporate Law,2024-08-24,5.3,250,1325.0,Paid
1252,Tammy Taylor MD,Contract Review,Family Law,2024-08-11,8.2,300,2460.0,Paid
1253,Christina Kelly,Consultation,Probate Law,2024-09-10,7.1,400,2840.0,Paid
1254,Nicholas Randolph,Estate Planning,Family Law,2024-06-06,7.2,250,1800.0,Paid
1255,Lisa Fitzgerald,Legal Advisory,Criminal Defense,2025-02-06,3.1,400,1240.0,Overdue
1256,Travis Jackson,Legal Advisory,Probate Law,2024-08-18,3.1,350,1085.0,Pending
1257,Gary Nguyen,Mediation,Probate Law,2024-07-25,9.8,400,3920.0,Paid
1258,Eric Pace,Estate Planning,Probate Law,2024-09-26,5.9,350,2065.0,Paid
1259,Lauren Flores,Estate Planning,Probate Law,2024-09-09,3.8,400,1520.0,Pending
1260,Jessica Giles DVM,Contract Review,Probate Law,2024-03-27,6.8,350,2380.0,Paid
1261,Martha Sherman,Mediation,Employment Law,2024-06-24,6.8,400,2720.0,Paid
1262,Theresa Mckay,Legal Advisory,Criminal Defense,2024-12-18,3.3,350,1155.0,Overdue
1263,Steven Ortiz,Consultation,Employment Law,2024-10-22,5.3,250,1325.0,Paid
1264,Caitlin Dennis,Litigation,Criminal Defense,2024-12-21,7.7,350,2695.0,Paid
1265,Jennifer Smith,Mediation,Employment Law,2024-06-14,5.2,350,1820.0,Paid
1266,Michael Elliott,Consultation,Family Law,2025-02-05,6.8,400,2720.0,Paid
1267,Douglas Church,Mediation,Business Law,2024-10-25,3.4,400,1360.0,Overdue
1268,Cole Orr,Estate Planning,Criminal Defense,2024-04-08,4.2,400,1680.0,Paid
1269,Kimberly Jones,Estate Planning,Employment Law,2024-12-08,7.3,300,2190.0,Overdue
1270,Rhonda Adams,Estate Planning,Employment Law,2024-10-06,6.7,400,2680.0,Overdue
1271,Bruce Mendez,Mediation,Business Law,2024-12-27,2.7,300,810.0,Paid
1272,Patrick Mclaughlin,Litigation,Criminal Defense,2024-05-30,9.4,350,3290.0,Pending
1273,Patricia Pierce,Consultation,Employment Law,2024-04-23,6.2,350,2170.0,Paid
1274,David Carlson,Legal Advisory,Employment Law,2024-08-06,7.5,350,2625.0,Pending
1275,Christopher Powell,Litigation,Family Law,2024-08-05,3.9,400,1560.0,Paid
1276,Phillip Reyes,Legal Advisory,Family Law,2024-04-07,9.1,350,3185.0,Pending
1277,Matthew Wolf,Contract Review,Probate Law,2024-05-18,7.1,300,2130.0,Paid
1278,Chase Munoz,Mediation,Criminal Defense,2024-12-20,9.8,350,3430.0,Paid
1279,Nancy Howard DDS,Consultation,Corporate Law,2024-07-07,9.3,250,2325.0,Pending
1280,Danielle Mcintyre,Consultation,Employment Law,2024-09-15,5.2,350,1820.0,Paid
1281,Richard Davis,Contract Review,Probate Law,2024-06-30,5.3,400,2120.0,Paid
1282,Emily Myers,Litigation,Probate Law,2024-06-09,1.9,300,570.0,Pending
1283,Alicia White,Consultation,Family Law,2025-02-09,2.5,400,1000.0,Paid
1284,Amy Lopez,Contract Review,Probate Law,2025-02-05,9.8,300,2940.0,Paid
1285,Troy Vaughn,Estate Planning,Business Law,2025-02-08,5.3,250,1325.0,Overdue
1286,Kimberly Carter,Consultation,Probate Law,2024-05-26,4.1,300,1230.0,Paid
1287,Laura Thompson,Mediation,Employment Law,2024-07-17,6.1,300,1830.0,Paid
1288,John Wright,Legal Advisory,Family Law,2025-01-16,6.1,300,1830.0,Overdue
1289,Mr. Kevin Lowery,Mediation,Probate Law,2024-04-12,8.7,300,2610.0,Paid
1290,Nathan Christian,Estate Planning,Business Law,2024-09-11,7.8,250,1950.0,Paid
1291,Jamie White,Contract Review,Employment Law,2024-09-13,3.6,400,1440.0,Paid
1292,Michelle Jackson,Contract Review,Criminal Defense,2024-05-21,9.2,300,2760.0,Paid
1293,Evan Reed,Legal Advisory,Family Law,2024-12-15,6.5,350,2275.0,Paid
1294,James Smith,Estate Planning,Criminal Defense,2025-02-27,8.4,350,2940.0,Paid
1295,Patricia Martinez,Mediation,Probate Law,2024-09-16,8.1,300,2430.0,Paid
1296,Jesus Nguyen,Consultation,Criminal Defense,2024-04-08,3.0,300,900.0,Paid
1297,Gregory Paul,Legal Advisory,Business Law,2024-08-09,9.7,300,2910.0,Paid
1298,Elizabeth Larson,Litigation,Family Law,2024-05-09,9.4,350,3290.0,Paid
1299,Michael Snow,Contract Review,Employment Law,2024-05-27,6.2,400,2480.0,Paid
1300,Brittany Jacobs,Legal Advisory,Criminal Defense,2024-09-17,2.1,300,630.0,Overdue
1301,Adam Brewer,Contract Review,Probate Law,2024-05-16,5.4,300,1620.0,Pending
1302,Kendra Chase,Estate Planning,Probate Law,2024-03-17,6.0,350,2100.0,Paid
1303,Diane Rodgers,Estate Planning,Employment Law,2024-11-03,2.3,400,920.0,Pending
1304,Kathryn Wells,Estate Planning,Probate Law,2025-02-05,5.7,250,1425.0,Overdue
1305,Peter Waters,Contract Review,Family Law,2025-01-24,4.9,400,1960.0,Paid
1306,Sarah Crane,Consultation,Business Law,2024-08-25,7.8,250,1950.0,Paid
1307,Amy Sanchez,Litigation,Corporate Law,2025-02-06,3.3,400,1320.0,Paid
1308,Monique Johnson,Mediation,Family Law,2024-03-10,7.1,400,2840.0,Paid
1309,Steven Wells,Estate Planning,Probate Law,2024-05-03,9.1,350,3185.0,Paid
1310,Ms. Nicole Castillo DDS,Consultation,Probate Law,2024-05-24,1.2,400,480.0,Overdue
1311,Scott Richardson,Litigation,Business Law,2024-06-11,6.7,300,2010.0,Paid
1312,Craig Young,Estate Planning,Business Law,2024-09-09,4.1,300,1230.0,Paid
1313,Steven Jacobs,Estate Planning,Business Law,2024-09-26,3.3,300,990.0,Pending
1314,Thomas Russell,Mediation,Corporate Law,2025-02-28,5.2,350,1820.0,Paid
1315,Jordan Martin,Estate Planning,Family Law,2024-05-03,1.3,350,455.0,Overdue
1316,Angela Pugh,Litigation,Probate Law,2025-01-01,1.9,350,665.0,Paid
1317,Samuel Mcguire,Contract Review,Criminal Defense,2024-09-01,2.6,300,780.0,Pending
1318,Donald Welch,Legal Advisory,Family Law,2024-11-07,4.2,300,1260.0,Paid
1319,Richard Cortez,Contract Review,Probate Law,2024-03-13,5.0,250,1250.0,Overdue
1320,Benjamin Price,Legal Advisory,Probate Law,2025-01-03,2.0,350,700.0,Overdue
1321,Benjamin Andrews,Mediation,Criminal Defense,2024-11-17,1.0,400,400.0,Paid
1322,Eric Allen,Legal Advisory,Business Law,2024-08-18,7.3,250,1825.0,Pending
1323,Joanna James,Mediation,Family Law,2024-03-29,1.1,250,275.0,Paid
1324,Mark Lyons,Contract Review,Probate Law,2024-10-22,8.8,300,2640.0,Pending
1325,Stephen Holden,Mediation,Corporate Law,2024-05-24,6.5,300,1950.0,Paid
1326,Amanda Clarke,Contract Review,Probate Law,2024-12-15,2.9,400,1160.0,Paid
1327,Cynthia Wilson,Consultation,Probate Law,2024-09-23,5.0,400,2000.0,Paid
1328,Benjamin Riggs,Consultation,Corporate Law,2024-11-15,7.8,300,2340.0,Paid
1329,Sarah Hopkins,Litigation,Criminal Defense,2024-09-01,2.4,400,960.0,Paid
1330,Erica Cox,Litigation,Employment Law,2024-12-26,9.6,400,3840.0,Paid
1331,Kelly Jimenez,Consultation,Corporate Law,2024-04-19,5.4,300,1620.0,Paid
1332,Andrea Arnold,Consultation,Criminal Defense,2024-05-11,9.2,400,3680.0,Paid
1333,Michael Cain,Litigation,Business Law,2024-09-19,8.4,400,3360.0,Paid
1334,Christopher Friedman,Estate Planning,Probate Law,2024-12-13,2.5,300,750.0,Paid
1335,Timothy Reyes,Contract Review,Family Law,2024-11-16,8.2,350,2870.0,Paid
1336,Andrea Nunez,Estate Planning,Probate Law,2024-10-16,1.9,300,570.0,Paid
1337,Scott Walton,Consultation,Probate Law,2024-08-11,8.5,400,3400.0,Paid
1338,Kimberly Mayer,Consultation,Criminal Defense,2024-10-15,4.7,350,1645.0,Paid
1339,James Valenzuela,Consultation,Corporate Law,2024-12-16,1.9,350,665.0,Pending
1340,Jasmin Middleton,Contract Review,Criminal Defense,2024-04-11,7.0,400,2800.0,Paid
1341,Stephanie Wall,Contract Review,Employment Law,2025-01-13,7.6,350,2660.0,Pending
1342,Christian Lopez,Litigation,Business Law,2024-11-04,3.1,400,1240.0,Paid
1343,Shannon Villarreal,Mediation,Criminal Defense,2024-10-22,6.5,300,1950.0,Pending
1344,Glen Flores,Consultation,Probate Law,2024-10-06,1.1,400,440.0,Overdue
1345,Madison Moore,Legal Advisory,Corporate Law,2024-10-08,7.5,350,2625.0,Overdue
1346,Albert Smith,Contract Review,Criminal Defense,2024-06-13,1.4,350,490.0,Paid
1347,Benjamin Morrison,Consultation,Family Law,2024-07-06,3.4,250,850.0,Pending
1348,Jessica Gentry,Consultation,Corporate Law,2024-08-03,5.8,250,1450.0,Pending
1349,Nancy Lee,Litigation,Employment Law,2024-10-29,9.4,400,3760.0,Paid
1350,Maria Grant,Litigation,Business Law,2024-11-11,7.5,300,2250.0,Paid
1351,Karen Ross,Legal Advisory,Employment Law,2024-10-10,7.6,400,3040.0,Paid
1352,Victoria Richards,Estate Planning,Corporate Law,2024-10-11,2.2,350,770.0,Paid
1353,Anthony Johnson,Litigation,Corporate Law,2024-06-04,1.8,350,630.0,Paid
1354,Jennifer Espinoza,Mediation,Business Law,2024-08-04,7.1,400,2840.0,Paid
1355,Jessica Carter,Contract Review,Probate Law,2024-10-10,6.9,250,1725.0,Paid
1356,Calvin Duarte,Mediation,Criminal Defense,2024-12-15,3.1,300,930.0,Paid
1357,Gloria Freeman,Mediation,Family Law,2024-08-01,3.9,250,975.0,Paid
1358,Melissa Allen,Estate Planning,Corporate Law,2025-02-21,1.9,300,570.0,Pending
1359,Ross Ramirez,Litigation,Corporate Law,2024-09-13,8.7,300,2610.0,Pending
1360,Brian Lopez,Estate Planning,Corporate Law,2024-06-25,3.4,400,1360.0,Paid
1361,Bridget Perry,Mediation,Corporate Law,2024-11-06,3.5,350,1225.0,Pending
1362,Roger Contreras,Litigation,Criminal Defense,2025-02-16,3.1,400,1240.0,Pending
1363,Donna Lynch,Contract Review,Family Law,2024-12-25,3.5,250,875.0,Paid
1364,Teresa Mitchell,Contract Review,Family Law,2025-01-12,1.7,250,425.0,Paid
1365,Kelly Clark,Contract Review,Family Law,2024-05-20,9.7,300,2910.0,Paid
1366,Heidi Lambert,Litigation,Corporate Law,2024-04-01,6.0,300,1800.0,Paid
1367,Laura Woods,Consultation,Criminal Defense,2024-11-21,9.1,300,2730.0,Paid
1368,Gabriel Black,Legal Advisory,Criminal Defense,2024-07-30,3.6,250,900.0,Paid
1369,Emily Mckay,Mediation,Probate Law,2024-03-17,1.6,350,560.0,Paid
1370,Ethan Snyder,Consultation,Family Law,2024-08-14,6.7,400,2680.0,Pending
1371,Whitney Ochoa,Mediation,Employment Law,2024-11-18,4.1,250,1025.0,Paid
1372,Juan Green,Mediation,Business Law,2024-06-29,2.5,350,875.0,Pending
1373,Danielle Pacheco,Mediation,Business Law,2024-03-19,4.4,350,1540.0,Paid
1374,Jose Schultz,Litigation,Family Law,2024-11-08,2.0,400,800.0,Paid
1375,Christopher Daniel,Mediation,Employment Law,2024-06-19,1.4,350,490.0,Pending
1376,Timothy Carpenter,Mediation,Employment Law,2024-08-03,6.6,350,2310.0,Paid
1377,Holly Cruz,Contract Review,Probate Law,2024-07-10,3.8,400,1520.0,Pending
1378,Amber Fisher,Mediation,Business Law,2025-02-28,4.7,250,1175.0,Paid
1379,Martin Henderson,Estate Planning,Criminal Defense,2024-05-13,2.6,400,1040.0,Paid
1380,Allen Smith,Litigation,Business Law,2024-12-31,2.9,250,725.0,Paid
1381,John Lyons,Litigation,Criminal Defense,2024-09-02,8.9,300,2670.0,Overdue
1382,Roberta Smith,Legal Advisory,Business Law,2025-01-08,7.9,250,1975.0,Paid
1383,Dennis Wright,Consultation,Probate Law,2025-02-04,2.1,400,840.0,Pending
1384,Timothy Harding,Contract Review,Criminal Defense,2024-10-10,5.0,300,1500.0,Overdue
1385,Steven Diaz,Litigation,Business Law,2025-02-16,8.8,250,2200.0,Pending
1386,Cynthia Johnson,Estate Planning,Corporate Law,2024-04-09,8.6,400,3440.0,Paid
1387,Sandra Rice,Consultation,Criminal Defense,2024-12-10,7.1,400,2840.0,Paid
1388,Allison Scott,Litigation,Family Law,2024-07-31,1.4,350,490.0,Paid
1389,Tracy Hughes,Contract Review,Corporate Law,2024-11-02,5.9,250,1475.0,Paid
1390,Tracie Terry,Estate Planning,Business Law,2025-01-07,5.5,300,1650.0,Paid
1391,Michael Callahan,Contract Review,Corporate Law,2024-09-30,5.1,300,1530.0,Paid
1392,Keith Porter,Consultation,Family Law,2025-02-08,3.3,350,1155.0,Overdue
1393,Bonnie Goodman,Mediation,Family Law,2024-05-14,9.7,250,2425.0,Paid
1394,Caleb Padilla,Mediation,Corporate Law,2024-06-13,9.2,400,3680.0,Overdue
1395,Jennifer Roach,Mediation,Family Law,2024-03-24,1.9,400,760.0,Paid
1396,Nicole Norton,Contract Review,Criminal Defense,2024-07-06,8.8,300,2640.0,Overdue
1397,John Fletcher,Mediation,Corporate Law,2025-01-11,4.7,400,1880.0,Pending
1398,Raymond Ortega,Contract Review,Business Law,2025-02-28,2.7,250,675.0,Pending
1399,Andrew Jones,Estate Planning,Employment Law,2024-09-05,5.6,400,2240.0,Paid
1400,Brandon Harper,Consultation,Probate Law,2024-10-31,3.5,300,1050.0,Pending
1401,David Rogers,Legal Advisory,Family Law,2024-06-22,3.9,250,975.0,Paid
1402,Brian Roberts,Contract Review,Criminal Defense,2025-01-27,7.4,400,2960.0,Paid
1403,Jay Bonilla,Litigation,Corporate Law,2024-10-03,4.2,400,1680.0,Pending
1404,William Ochoa,Legal Advisory,Probate Law,2025-01-08,6.7,350,2345.0,Paid
1405,Joshua Simmons,Litigation,Probate Law,2024-04-08,8.4,250,2100.0,Paid
1406,Christopher Morris,Contract Review,Corporate Law,2024-11-07,3.5,250,875.0,Paid
1407,Emily Meadows,Estate Planning,Business Law,2025-01-10,8.0,400,3200.0,Paid
1408,Jennifer Hubbard,Litigation,Business Law,2024-07-06,9.7,350,3395.0,Paid
1409,Erica Scott,Contract Review,Corporate Law,2024-09-22,6.0,400,2400.0,Pending
1410,Mary Watkins,Legal Advisory,Employment Law,2024-12-31,4.4,350,1540.0,Paid
1411,Kimberly Smith,Contract Review,Employment Law,2024-05-01,1.1,250,275.0,Pending
1412,John Wilson,Mediation,Family Law,2024-06-02,8.2,300,2460.0,Paid
1413,Samantha White,Estate Planning,Corporate Law,2025-01-05,7.6,350,2660.0,Paid
1414,Adam Cook,Contract Review,Probate Law,2024-12-15,3.9,300,1170.0,Paid
1415,Robert Harris,Consultation,Corporate Law,2024-08-04,3.6,400,1440.0,Pending
1416,Thomas Ortiz,Consultation,Business Law,2025-02-20,5.6,300,1680.0,Paid
1417,Tina Bond,Mediation,Employment Law,2024-10-27,5.7,400,2280.0,Paid
1418,Daniel Ellis,Consultation,Employment Law,2025-02-23,9.2,300,2760.0,Paid
1419,Connie Schneider,Legal Advisory,Business Law,2024-07-16,1.1,350,385.0,Paid
1420,Cheryl Walton,Litigation,Family Law,2024-12-15,5.1,250,1275.0,Paid
1421,Brian Burns,Estate Planning,Probate Law,2024-07-24,3.2,400,1280.0,Paid
1422,Brooke Williams,Contract Review,Probate Law,2024-04-24,2.6,250,650.0,Paid
1423,Hannah Chandler,Consultation,Criminal Defense,2024-07-05,6.6,400,2640.0,Paid
1424,Rebecca Cox,Consultation,Family Law,2024-09-09,9.6,300,2880.0,Pending
1425,Angela Harrington,Mediation,Criminal Defense,2025-01-19,4.3,300,1290.0,Paid
1426,Robert Sanchez,Contract Review,Employment Law,2024-07-12,2.2,400,880.0,Paid
1427,Deanna Hernandez,Consultation,Criminal Defense,2024-09-15,5.1,300,1530.0,Pending
1428,Mark Thornton,Contract Review,Employment Law,2024-03-21,6.4,350,2240.0,Paid
1429,Patrick Lopez,Legal Advisory,Business Law,2024-09-06,1.4,300,420.0,Paid
1430,Becky Cardenas,Consultation,Employment Law,2025-01-03,5.1,300,1530.0,Paid
1431,Lisa Garcia,Litigation,Family Law,2025-03-02,8.2,250,2050.0,Paid
1432,Sandra Parker,Contract Review,Employment Law,2025-01-28,3.8,400,1520.0,Paid
1433,Jennifer Jimenez,Estate Planning,Corporate Law,2024-07-22,5.6,350,1960.0,Paid
1434,Lauren Hicks,Mediation,Family Law,2024-05-02,9.6,400,3840.0,Paid
1435,Donald Romero,Consultation,Probate Law,2024-06-28,8.7,250,2175.0,Paid
1436,Tiffany Cobb,Contract Review,Employment Law,2024-07-06,4.6,400,1840.0,Paid
1437,Sarah Cruz,Mediation,Corporate Law,2024-12-13,7.7,300,2310.0,Paid
1438,Sandra Wright,Consultation,Criminal Defense,2024-04-09,5.8,250,1450.0,Paid
1439,Karen Gonzalez,Legal Advisory,Employment Law,2024-11-15,9.2,300,2760.0,Paid
1440,Charles Ruiz,Legal Advisory,Family Law,2024-06-12,9.8,350,3430.0,Paid
1441,James Gonzalez,Consultation,Criminal Defense,2025-02-15,2.9,400,1160.0,Paid
1442,Alexis Wood,Contract Review,Probate Law,2024-12-01,7.3,250,1825.0,Overdue
1443,Jack Clark,Contract Review,Probate Law,2024-04-25,1.9,400,760.0,Paid
1444,Jennifer Sellers,Consultation,Probate Law,2024-06-07,8.5,300,2550.0,Pending
1445,Jacob Knight,Consultation,Corporate Law,2024-05-08,4.4,250,1100.0,Paid
1446,Tammy Powell,Litigation,Probate Law,2024-07-28,5.2,300,1560.0,Paid
1447,Rebecca Gibson,Consultation,Criminal Defense,2024-10-17,1.1,400,440.0,Overdue
1448,Robert Giles,Mediation,Employment Law,2024-05-17,4.3,350,1505.0,Paid
1449,Carlos Moore,Litigation,Corporate Law,2024-03-31,7.4,350,2590.0,Paid
1450,Jonathan George,Legal Advisory,Corporate Law,2024-07-09,7.3,350,2555.0,Pending
1451,Dawn Rivera,Mediation,Business Law,2025-01-27,4.3,300,1290.0,Paid
1452,Erica Bridges,Litigation,Corporate Law,2024-09-04,3.1,300,930.0,Paid
1453,Rachel Wood,Litigation,Business Law,2024-07-14,4.1,350,1435.0,Paid
1454,Justin Berger,Consultation,Corporate Law,2024-04-23,9.4,300,2820.0,Paid
1455,Joseph Anderson,Legal Advisory,Probate Law,2024-10-30,1.8,300,540.0,Pending
1456,Keith Stafford,Mediation,Business Law,2024-12-20,2.1,300,630.0,Pending
1457,Lynn Rowe,Mediation,Business Law,2024-05-12,2.3,350,805.0,Pending
1458,Gary Watson,Consultation,Family Law,2024-11-30,5.5,350,1925.0,Paid
1459,Andre Torres,Legal Advisory,Employment Law,2024-11-29,8.1,300,2430.0,Pending
1460,Thomas Guzman,Litigation,Corporate Law,2024-04-08,1.6,250,400.0,Pending
1461,Joanne Delacruz,Mediation,Family Law,2025-01-26,5.9,250,1475.0,Pending
1462,Ashley Bradley,Legal Advisory,Corporate Law,2024-08-21,2.3,300,690.0,Paid
1463,Sarah Sosa,Legal Advisory,Criminal Defense,2024-10-07,3.0,350,1050.0,Paid
1464,Dr. Kristin Thompson,Legal Advisory,Family Law,2024-09-17,2.6,350,910.0,Pending
1465,Sean Hicks,Contract Review,Family Law,2025-01-18,4.2,350,1470.0,Paid
1466,Candace Graham,Legal Advisory,Employment Law,2024-05-11,8.0,250,2000.0,Paid
1467,Rick Lee,Consultation,Family Law,2024-07-23,2.2,300,660.0,Overdue
1468,Tracey Price,Estate Planning,Criminal Defense,2024-08-06,2.0,350,700.0,Paid
1469,Lynn Watson,Legal Advisory,Criminal Defense,2024-10-27,2.6,400,1040.0,Pending
1470,Teresa Johnston,Estate Planning,Business Law,2024-05-19,4.9,250,1225.0,Paid
1471,Julie Nelson MD,Consultation,Criminal Defense,2024-09-21,1.6,300,480.0,Overdue
1472,Jeffrey Mckinney,Litigation,Criminal Defense,2024-11-01,4.5,350,1575.0,Paid
1473,Glenda Wilson,Estate Planning,Employment Law,2025-02-24,5.2,350,1820.0,Paid
1474,Ms. Tina James,Litigation,Probate Law,2024-10-28,6.0,400,2400.0,Pending
1475,Joseph White,Litigation,Criminal Defense,2024-07-24,9.6,350,3360.0,Paid
1476,Gina Mitchell,Legal Advisory,Family Law,2024-08-22,5.6,300,1680.0,Paid
1477,Maria Mendez,Mediation,Business Law,2024-11-17,5.4,250,1350.0,Overdue
1478,Mrs. Heidi Peters,Consultation,Business Law,2024-09-24,2.1,400,840.0,Paid
1479,John Bell,Consultation,Criminal Defense,2025-01-08,3.1,350,1085.0,Paid
1480,Mr. Brian Wells,Contract Review,Business Law,2024-06-08,1.6,350,560.0,Paid
1481,Mr. Jose Lopez,Litigation,Corporate Law,2024-07-07,8.7,350,3045.0,Paid
1482,Michael Lynch,Estate Planning,Probate Law,2025-03-03,9.7,300,2910.0,Pending
1483,Connie Lynch,Legal Advisory,Probate Law,2024-10-21,2.9,350,1015.0,Paid
1484,Nathaniel Henderson,Mediation,Probate Law,2024-09-06,5.2,350,1820.0,Pending
1485,Lisa Cross,Legal Advisory,Corporate Law,2024-07-14,5.3,250,1325.0,Pending
1486,Tina Cervantes,Estate Planning,Business Law,2025-01-25,3.6,400,1440.0,Paid
1487,Henry Thompson,Legal Advisory,Employment Law,2024-10-06,2.8,400,1120.0,Pending
1488,Melissa Taylor,Estate Planning,Business Law,2025-02-22,6.2,300,1860.0,Paid
1489,Denise Mcdonald,Consultation,Corporate Law,2024-06-06,2.8,300,840.0,Paid
1490,Rebecca Rivera,Consultation,Criminal Defense,2024-10-24,7.7,250,1925.0,Paid
1491,Elizabeth Garrett,Consultation,Family Law,2024-04-07,5.3,400,2120.0,Paid
1492,Darrell Johnson,Contract Review,Corporate Law,2024-07-31,6.6,350,2310.0,Pending
1493,Jill Alvarado,Mediation,Family Law,2024-03-26,7.5,300,2250.0,Paid
1494,Roberta Brooks,Consultation,Corporate Law,2024-08-24,6.2,400,2480.0,Paid
1495,David Hendrix,Estate Planning,Employment Law,2024-06-09,5.1,400,2040.0,Paid
1496,Mr. Leslie Alexander,Litigation,Business Law,2024-03-06,4.5,350,1575.0,Paid
1497,Ryan Bush,Legal Advisory,Probate Law,2024-12-11,2.2,250,550.0,Pending
1498,Morgan Oconnell,Legal Advisory,Employment Law,2024-04-27,7.9,250,1975.0,Paid
1499,Scott Kelly,Consultation,Business Law,2024-05-23,6.4,350,2240.0,Paid
1500,Rodney Adams,Litigation,Business Law,2024-10-17,1.7,250,425.0,Paid
1501,Joyce Greene,Legal Advisory,Family Law,2024-09-03,2.3,400,920.0,Paid
1502,Michael Perez,Legal Advisory,Corporate Law,2025-01-30,9.4,250,2350.0,Paid
1503,Jesus Martin,Contract Review,Business Law,2025-02-19,3.4,400,1360.0,Paid
1504,Jesse Jennings,Legal Advisory,Probate Law,2024-04-17,3.7,400,1480.0,Paid
1505,David Collins,Legal Advisory,Employment Law,2024-10-02,2.8,300,840.0,Paid
1506,Robert Weiss,Mediation,Employment Law,2024-05-30,2.3,400,920.0,Pending
1507,Christopher Ryan,Litigation,Probate Law,2024-06-19,1.2,250,300.0,Overdue
1508,Kelly Chapman,Legal Advisory,Probate Law,2024-12-10,5.8,250,1450.0,Pending
1509,Matthew Day,Contract Review,Criminal Defense,2025-02-05,4.0,400,1600.0,Pending
1510,Julie Turner,Legal Advisory,Corporate Law,2024-08-13,9.6,400,3840.0,Pending
1511,Roberto Smith,Contract Review,Business Law,2025-01-29,8.9,300,2670.0,Paid
1512,Mary Mcdonald,Consultation,Corporate Law,2024-03-21,1.5,300,450.0,Paid
1513,Peter Ross,Consultation,Family Law,2024-07-12,1.2,250,300.0,Paid
1514,David Zhang,Consultation,Business Law,2024-03-27,1.7,350,595.0,Paid
1515,Robert Boyd,Estate Planning,Family Law,2024-05-09,8.8,250,2200.0,Paid
1516,Brian Holmes,Consultation,Corporate Law,2024-04-02,8.6,250,2150.0,Paid
1517,Cristina Aguilar,Mediation,Corporate Law,2025-01-26,4.9,250,1225.0,Paid
1518,Shannon Simpson,Mediation,Employment Law,2024-07-04,7.7,350,2695.0,Paid
1519,Savannah Torres,Legal Advisory,Probate Law,2024-09-21,4.3,400,1720.0,Overdue
1520,Jonathan Frazier,Mediation,Corporate Law,2024-04-24,8.9,350,3115.0,Paid
1521,Joseph Evans,Consultation,Business Law,2024-06-01,8.8,300,2640.0,Paid
1522,Kelly Smith,Consultation,Corporate Law,2024-03-09,1.4,350,490.0,Pending
1523,Tamara Campbell,Legal Advisory,Family Law,2025-01-26,5.6,400,2240.0,Pending
1524,Helen Riley,Contract Review,Family Law,2024-03-22,6.3,400,2520.0,Paid
1525,Jordan Wolf,Consultation,Corporate Law,2024-04-15,7.0,350,2450.0,Overdue
1526,Mr. David Boyle,Litigation,Employment Law,2024-04-07,6.4,300,1920.0,Paid
1527,Christine Mills,Litigation,Business Law,2024-04-06,8.5,250,2125.0,Paid
1528,Olivia Schneider,Estate Planning,Criminal Defense,2024-08-06,1.6,350,560.0,Paid
1529,Mark Nixon,Legal Advisory,Employment Law,2024-04-16,6.2,300,1860.0,Pending
1530,Tracy Williams,Mediation,Probate Law,2025-01-20,2.5,350,875.0,Overdue
1531,Jonathan Norton,Litigation,Business Law,2024-10-06,4.5,300,1350.0,Overdue
1532,Brittany Jackson,Legal Advisory,Business Law,2024-06-11,3.4,250,850.0,Paid
1533,Michael Davis,Litigation,Corporate Law,2024-03-24,9.9,300,2970.0,Paid
1534,Evan Mcdaniel,Mediation,Corporate Law,2024-09-25,1.5,350,525.0,Paid
1535,Kimberly Farmer,Litigation,Probate Law,2025-02-04,4.9,300,1470.0,Paid
1536,Suzanne Stephens,Mediation,Employment Law,2024-04-27,2.9,350,1015.0,Pending
1537,Hayley Hooper,Consultation,Probate Law,2024-11-08,5.1,400,2040.0,Paid
1538,Kimberly Livingston,Mediation,Probate Law,2024-10-10,4.6,350,1610.0,Paid
1539,Michael Larsen,Legal Advisory,Employment Law,2024-05-26,4.7,350,1645.0,Paid
1540,Valerie Richardson,Legal Advisory,Family Law,2024-12-12,8.4,250,2100.0,Paid
1541,Kevin Hernandez,Mediation,Employment Law,2024-07-19,1.2,350,420.0,Pending
1542,Cynthia Hughes,Consultation,Criminal Defense,2024-11-03,6.8,350,2380.0,Pending
1543,Joshua Bell,Mediation,Probate Law,2025-01-14,5.7,350,1995.0,Pending
1544,Anthony Robinson,Litigation,Corporate Law,2024-05-08,5.4,250,1350.0,Overdue
1545,Emily Nelson,Legal Advisory,Probate Law,2024-04-08,9.9,250,2475.0,Paid
1546,Brianna Howard,Litigation,Family Law,2024-05-11,7.1,350,2485.0,Paid
1547,Dawn Wilson,Legal Advisory,Employment Law,2025-02-06,8.8,250,2200.0,Paid
1548,Margaret Melendez,Consultation,Family Law,2024-04-23,9.0,400,3600.0,Paid
1549,Joshua Wang,Contract Review,Criminal Defense,2024-09-15,1.2,250,300.0,Paid
1550,Jeremy Gonzalez,Litigation,Family Law,2024-12-03,6.0,350,2100.0,Paid
1551,Gina Bernard,Estate Planning,Employment Law,2024-09-21,4.3,400,1720.0,Paid
1552,Douglas Nelson,Litigation,Criminal Defense,2024-11-25,9.1,350,3185.0,Pending
1553,Tanya Jimenez,Consultation,Employment Law,2024-04-15,1.5,400,600.0,Paid
1554,Tiffany Vang,Legal Advisory,Criminal Defense,2024-08-22,9.3,300,2790.0,Pending
1555,Kevin Gonzalez,Litigation,Probate Law,2024-03-30,4.1,250,1025.0,Paid
1556,Natalie Harrison,Mediation,Employment Law,2024-12-16,8.0,400,3200.0,Paid
1557,Erica Fischer,Consultation,Family Law,2024-11-02,2.2,300,660.0,Pending
1558,Dustin Wells,Consultation,Business Law,2024-04-06,9.8,250,2450.0,Paid
1559,Dustin Guzman,Litigation,Probate Law,2024-04-18,1.5,300,450.0,Overdue
1560,Jason Campbell,Contract Review,Probate Law,2025-02-17,3.3,250,825.0,Paid
1561,William Spence,Contract Review,Corporate Law,2024-05-27,9.6,250,2400.0,Paid
1562,Sean Lopez,Consultation,Business Law,2024-07-05,5.9,350,2065.0,Paid
1563,Lauren Ross,Litigation,Employment Law,2025-02-21,8.2,250,2050.0,Paid
1564,Cheryl Morgan,Estate Planning,Business Law,2024-08-17,4.2,350,1470.0,Paid
1565,Sandra Miller,Litigation,Criminal Defense,2024-12-12,2.0,250,500.0,Paid
1566,Michael Russell,Mediation,Probate Law,2024-07-10,7.4,250,1850.0,Paid
1567,Lisa Harrison,Contract Review,Employment Law,2025-01-19,5.5,300,1650.0,Pending
1568,Tanya Buck,Mediation,Criminal Defense,2024-09-07,8.0,350,2800.0,Paid
1569,Lindsey Roberson,Legal Advisory,Business Law,2025-02-24,3.3,300,990.0,Paid
1570,Raymond Velez,Legal Advisory,Family Law,2024-04-06,2.6,350,910.0,Paid
1571,Margaret Alexander,Mediation,Criminal Defense,2024-05-23,3.1,300,930.0,Paid
1572,Joseph Mendoza,Mediation,Corporate Law,2024-09-07,7.1,250,1775.0,Paid
1573,Christine Garcia,Litigation,Family Law,2024-12-30,2.3,300,690.0,Paid
1574,Thomas Hampton,Mediation,Criminal Defense,2025-01-14,5.7,300,1710.0,Pending
1575,Todd White,Legal Advisory,Probate Law,2024-11-23,5.8,300,1740.0,Paid
1576,Joseph Lopez,Contract Review,Business Law,2024-05-12,3.2,300,960.0,Overdue
1577,Randy Miller,Legal Advisory,Probate Law,2024-03-10,7.3,300,2190.0,Paid
1578,Dean Wade,Contract Review,Family Law,2024-04-01,6.7,350,2345.0,Paid
1579,Matthew Randolph,Mediation,Employment Law,2024-05-18,7.1,400,2840.0,Pending
1580,Chris Goodman,Estate Planning,Employment Law,2025-02-15,6.3,350,2205.0,Paid
1581,Tammy Franklin,Contract Review,Criminal Defense,2024-03-18,7.4,400,2960.0,Paid
1582,Jessica Thompson,Legal Advisory,Corporate Law,2025-02-25,8.3,250,2075.0,Paid
1583,Jennifer Adams,Consultation,Corporate Law,2024-05-21,5.2,350,1820.0,Paid
1584,Marissa Anderson,Legal Advisory,Family Law,2025-01-24,4.2,250,1050.0,Paid
1585,Nicholas Duncan,Estate Planning,Family Law,2025-02-14,9.2,300,2760.0,Paid
1586,Darrell Young,Consultation,Corporate Law,2024-09-25,1.6,350,560.0,Paid
1587,Sandy Pacheco,Litigation,Probate Law,2024-08-20,9.8,350,3430.0,Overdue
1588,Mr. Douglas Harris,Estate Planning,Family Law,2024-08-10,6.3,350,2205.0,Paid
1589,Amy Clark,Litigation,Business Law,2024-05-03,2.7,350,945.0,Paid
1590,James Butler,Mediation,Employment Law,2024-06-09,4.5,350,1575.0,Paid
1591,Catherine Jones,Consultation,Criminal Defense,2024-12-14,4.6,250,1150.0,Paid
1592,Steven Duncan,Consultation,Employment Law,2025-01-27,5.1,300,1530.0,Paid
1593,Stephanie Johnson,Legal Advisory,Criminal Defense,2024-04-24,4.1,400,1640.0,Paid
1594,Wesley Patterson,Contract Review,Criminal Defense,2024-12-18,3.9,350,1365.0,Pending
1595,Natalie Vazquez,Litigation,Business Law,2024-08-19,5.1,350,1785.0,Paid
1596,Michael Miller,Consultation,Employment Law,2025-02-07,6.4,350,2240.0,Paid
1597,Christopher Davidson,Estate Planning,Employment Law,2024-08-19,9.9,400,3960.0,Paid
1598,Rebecca Day,Litigation,Corporate Law,2024-03-12,7.5,250,1875.0,Paid
1599,Darren Baker,Contract Review,Criminal Defense,2024-06-26,4.9,400,1960.0,Paid
1600,Brandon Garcia,Legal Advisory,Corporate Law,2024-08-22,9.0,250,2250.0,Paid
1601,Whitney Maldonado,Mediation,Corporate Law,2024-09-03,7.8,400,3120.0,Paid
1602,Sheri Macdonald,Legal Advisory,Probate Law,2025-02-06,8.0,400,3200.0,Paid
1603,Angela Ashley,Contract Review,Corporate Law,2025-01-29,4.0,300,1200.0,Pending
1604,Lucas Jacobson,Consultation,Family Law,2024-07-29,3.7,400,1480.0,Paid
1605,Stephanie Warner,Estate Planning,Business Law,2025-01-13,5.6,250,1400.0,Paid
1606,Kenneth Hayes,Consultation,Probate Law,2024-09-17,9.9,300,2970.0,Paid
1607,Blake Parker,Litigation,Business Law,2024-09-17,7.2,400,2880.0,Paid
1608,Stephanie Thompson,Estate Planning,Corporate Law,2025-02-27,4.9,400,1960.0,Paid
1609,Andrew Sullivan,Litigation,Criminal Defense,2025-02-10,3.5,250,875.0,Paid
1610,Timothy Stuart,Estate Planning,Employment Law,2024-06-06,7.6,300,2280.0,Paid
1611,Stephanie Manning,Mediation,Corporate Law,2025-01-29,7.0,250,1750.0,Pending
1612,Julie Bishop,Litigation,Corporate Law,2024-04-25,2.5,350,875.0,Paid
1613,Amy Hopkins,Estate Planning,Corporate Law,2024-09-29,4.7,350,1645.0,Pending
1614,Jamie David,Litigation,Criminal Defense,2024-11-23,1.8,400,720.0,Paid
1615,Veronica Sampson,Estate Planning,Corporate Law,2025-02-22,7.6,250,1900.0,Paid
1616,Jill Smith,Litigation,Probate Law,2024-05-06,4.6,250,1150.0,Paid
1617,Sean Armstrong,Contract Review,Family Law,2024-12-07,4.8,350,1680.0,Paid
1618,Crystal Evans,Litigation,Employment Law,2024-06-06,5.3,400,2120.0,Paid
1619,Jeffery Allen,Legal Advisory,Criminal Defense,2024-12-06,6.6,250,1650.0,Paid
1620,Brandon White,Contract Review,Criminal Defense,2024-09-14,7.9,250,1975.0,Paid
1621,Daniel Cooper,Consultation,Business Law,2024-10-14,5.0,300,1500.0,Paid
1622,Joel Hobbs,Mediation,Criminal Defense,2024-05-30,4.5,250,1125.0,Overdue
1623,Jeffrey Le,Mediation,Family Law,2024-07-29,9.4,250,2350.0,Paid
1624,Adam Brown,Legal Advisory,Business Law,2024-05-03,7.0,400,2800.0,Pending
1625,Lisa Short,Estate Planning,Business Law,2024-08-17,5.2,350,1820.0,Paid
1626,Lisa Davis,Contract Review,Probate Law,2025-01-12,3.6,250,900.0,Paid
1627,Marilyn Jensen,Mediation,Business Law,2025-01-20,4.4,400,1760.0,Pending
1628,Jenna Lee,Estate Planning,Business Law,2024-09-21,4.7,350,1645.0,Paid
1629,Debbie Nichols,Estate Planning,Family Law,2024-10-22,7.1,400,2840.0,Overdue
1630,Mark Howard,Litigation,Family Law,2024-07-10,1.3,400,520.0,Paid
1631,Brittany Huffman,Litigation,Employment Law,2024-05-03,2.4,400,960.0,Paid
1632,Kimberly Rogers,Litigation,Business Law,2025-03-01,8.4,250,2100.0,Paid
1633,Emma Sanchez,Consultation,Employment Law,2024-04-18,8.7,300,2610.0,Paid
1634,Karen Haney,Estate Planning,Corporate Law,2024-06-17,9.5,300,2850.0,Paid
1635,Robert Hogan,Consultation,Corporate Law,2024-11-04,1.2,350,420.0,Paid
1636,Raymond Kane,Estate Planning,Family Law,2024-03-30,2.0,350,700.0,Pending
1637,Jennifer Gutierrez,Consultation,Corporate Law,2024-12-12,4.7,250,1175.0,Paid
1638,Jeffrey Patel,Litigation,Criminal Defense,2024-09-23,9.0,400,3600.0,Paid
1639,Isabella Gillespie,Legal Advisory,Corporate Law,2025-02-12,5.7,400,2280.0,Paid
1640,Meghan Doyle,Consultation,Corporate Law,2025-02-24,5.7,300,1710.0,Paid
1641,Christopher Ponce,Contract Review,Corporate Law,2024-06-01,5.6,400,2240.0,Paid
1642,Jessica Scott,Mediation,Corporate Law,2024-12-29,9.2,400,3680.0,Paid
1643,Daniel Williamson,Litigation,Family Law,2024-09-26,7.8,350,2730.0,Paid
1644,Kayla Kim,Contract Review,Probate Law,2024-07-12,1.6,400,640.0,Paid
1645,Steven Sharp,Consultation,Family Law,2024-07-27,1.4,350,490.0,Paid
1646,Michael Casey DDS,Litigation,Employment Law,2024-03-06,5.9,350,2065.0,Overdue
1647,Jonathon Garcia,Contract Review,Probate Law,2024-07-26,9.5,300,2850.0,Paid
1648,Jessica Hall,Estate Planning,Corporate Law,2024-05-16,9.9,350,3465.0,Pending
1649,Kelly Green,Consultation,Business Law,2025-01-04,6.5,250,1625.0,Pending
1650,Jeffrey Thompson,Contract Review,Business Law,2025-01-04,8.0,400,3200.0,Paid
1651,Keith Finley,Consultation,Family Law,2024-05-02,2.1,250,525.0,Overdue
1652,Jonathan Martinez,Legal Advisory,Business Law,2024-06-30,1.9,250,475.0,Pending
1653,Ernest Sanders,Estate Planning,Family Law,2024-09-27,3.5,250,875.0,Paid
1654,Tara Duran,Mediation,Business Law,2024-10-24,6.6,400,2640.0,Paid
1655,John Montgomery,Mediation,Probate Law,2025-02-27,2.5,250,625.0,Paid
1656,James Duffy,Contract Review,Criminal Defense,2024-06-02,1.9,400,760.0,Paid
1657,Adam Cruz,Litigation,Probate Law,2024-04-28,2.9,300,870.0,Paid
1658,Gail Kelly,Consultation,Criminal Defense,2024-12-11,6.9,400,2760.0,Paid
1659,Amy Ochoa,Estate Planning,Probate Law,2024-06-28,4.8,300,1440.0,Paid
1660,Ryan Brewer,Litigation,Criminal Defense,2024-11-16,7.6,250,1900.0,Overdue
1661,Jacob Burton,Contract Review,Family Law,2025-02-26,9.7,250,2425.0,Paid
1662,Sean Hall,Estate Planning,Criminal Defense,2024-07-07,2.9,350,1015.0,Pending
1663,Gabrielle Crawford,Litigation,Criminal Defense,2025-02-27,3.2,400,1280.0,Paid
1664,William Castro,Litigation,Probate Law,2024-07-20,7.3,250,1825.0,Paid
1665,Eric Barnett,Contract Review,Employment Law,2024-11-18,9.9,250,2475.0,Pending
1666,Vanessa Crosby,Legal Advisory,Business Law,2024-07-22,8.1,250,2025.0,Pending
1667,Christina Gomez,Consultation,Criminal Defense,2024-08-11,3.4,250,850.0,Paid
1668,Zachary Whitehead,Legal Advisory,Business Law,2024-05-25,1.5,400,600.0,Paid
1669,Lisa Williams,Mediation,Probate Law,2024-06-17,3.7,400,1480.0,Pending
1670,Elizabeth Christensen,Mediation,Criminal Defense,2025-01-29,5.8,250,1450.0,Paid
1671,Randall Hayes,Consultation,Criminal Defense,2024-11-25,5.7,350,1995.0,Pending
1672,Scott Vargas,Legal Advisory,Business Law,2024-06-17,9.5,300,2850.0,Overdue
1673,Austin Ford,Estate Planning,Employment Law,2025-01-04,2.5,400,1000.0,Overdue
1674,Hunter Walker,Contract Review,Corporate Law,2024-12-09,2.6,250,650.0,Paid
1675,Sean Armstrong,Mediation,Criminal Defense,2024-11-10,5.7,350,1995.0,Paid
1676,Marissa Hall,Estate Planning,Family Law,2024-08-28,8.0,400,3200.0,Paid
1677,William Mills,Estate Planning,Business Law,2024-10-15,5.4,300,1620.0,Pending
1678,Perry Burns,Contract Review,Probate Law,2025-02-12,8.1,250,2025.0,Paid
1679,Monique Gonzalez,Mediation,Business Law,2024-12-08,2.6,300,780.0,Overdue
1680,Dean Hill,Contract Review,Criminal Defense,2024-03-28,9.2,350,3220.0,Paid
1681,Jesse Nichols,Contract Review,Criminal Defense,2024-11-17,9.1,400,3640.0,Paid
1682,Gregory Cooke,Mediation,Family Law,2024-11-14,4.9,350,1715.0,Paid
1683,Anthony Torres MD,Legal Advisory,Employment Law,2024-04-30,3.7,350,1295.0,Overdue
1684,James Dunn,Mediation,Criminal Defense,2024-03-13,2.3,400,920.0,Paid
1685,Jose Giles,Mediation,Employment Law,2024-07-23,8.2,250,2050.0,Paid
1686,Alejandra Willis,Mediation,Criminal Defense,2025-01-21,3.6,350,1260.0,Overdue
1687,William Cook,Contract Review,Employment Law,2024-07-21,3.7,400,1480.0,Paid
1688,Maria Trujillo,Legal Advisory,Criminal Defense,2024-07-28,8.2,350,2870.0,Paid
1689,Jennifer Williams,Litigation,Probate Law,2024-09-05,8.0,350,2800.0,Paid
1690,Patricia Foster,Legal Advisory,Family Law,2024-04-16,1.3,250,325.0,Paid
1691,Ellen Lowe,Estate Planning,Family Law,2024-11-11,3.1,300,930.0,Paid
1692,Wayne Jimenez,Litigation,Business Law,2024-09-06,3.1,300,930.0,Paid
1693,Gabriella Mendoza,Mediation,Corporate Law,2024-09-14,8.3,400,3320.0,Paid
1694,Dustin Chase,Consultation,Criminal Defense,2024-07-05,7.8,350,2730.0,Paid
1695,Cynthia Medina,Litigation,Probate Law,2024-07-30,7.6,400,3040.0,Paid
1696,Kimberly Gonzalez,Consultation,Business Law,2024-12-16,3.5,250,875.0,Paid
1697,Tanner Ayala,Litigation,Criminal Defense,2024-09-19,9.1,300,2730.0,Overdue
1698,Jacqueline Freeman,Mediation,Employment Law,2024-03-28,2.5,300,750.0,Paid
1699,Andrea Graves,Consultation,Criminal Defense,2024-05-08,8.9,300,2670.0,Overdue
1700,Courtney Sanders,Consultation,Criminal Defense,2025-02-26,2.9,400,1160.0,Paid
1701,Vanessa Cooper,Litigation,Employment Law,2024-09-28,7.4,350,2590.0,Paid
1702,Karen Hubbard,Litigation,Employment Law,2024-04-27,2.2,350,770.0,Paid
1703,Alejandra Zamora,Legal Advisory,Corporate Law,2024-08-22,9.4,400,3760.0,Paid
1704,Sue Hodges,Estate Planning,Probate Law,2024-11-27,5.3,350,1855.0,Paid
1705,Mark Frazier,Legal Advisory,Criminal Defense,2024-11-14,2.1,400,840.0,Paid
1706,Francis Watson,Litigation,Business Law,2024-03-08,3.5,350,1225.0,Paid
1707,Chris Weaver,Consultation,Corporate Law,2024-09-17,6.8,300,2040.0,Pending
1708,Gregory Rocha,Estate Planning,Corporate Law,2024-08-16,8.5,350,2975.0,Paid
1709,Nathaniel Mcknight,Consultation,Employment Law,2024-11-02,9.5,250,2375.0,Pending
1710,Amanda Bennett,Legal Advisory,Business Law,2025-02-13,2.7,350,945.0,Paid
1711,Christopher Mueller,Consultation,Family Law,2025-01-22,5.0,300,1500.0,Paid
1712,Kristina Williams,Estate Planning,Criminal Defense,2024-09-11,8.7,250,2175.0,Pending
1713,Mark Shaw,Contract Review,Probate Law,2025-02-02,6.4,300,1920.0,Pending
1714,Alyssa Pugh,Legal Advisory,Business Law,2024-12-11,5.7,300,1710.0,Paid
1715,Mary Ritter,Consultation,Family Law,2024-09-17,9.8,350,3430.0,Paid
1716,Jill Mendoza,Litigation,Criminal Defense,2024-12-11,2.5,400,1000.0,Paid
1717,Travis Young MD,Legal Advisory,Criminal Defense,2024-05-25,5.4,350,1890.0,Overdue
1718,David Garcia,Litigation,Business Law,2025-01-18,4.5,350,1575.0,Paid
1719,Chad Wagner,Legal Advisory,Business Law,2024-12-09,4.4,400,1760.0,Paid
1720,Michelle Joseph,Legal Advisory,Family Law,2025-01-27,1.8,300,540.0,Paid
1721,James Cortez,Mediation,Probate Law,2024-10-28,3.6,400,1440.0,Paid
1722,Kevin Perez MD,Litigation,Probate Law,2024-11-26,4.0,350,1400.0,Paid
1723,Alex Heath,Consultation,Employment Law,2024-10-01,7.9,400,3160.0,Overdue
1724,Justin Mitchell,Legal Advisory,Employment Law,2024-05-24,7.6,300,2280.0,Overdue
1725,Allen Nichols,Legal Advisory,Family Law,2024-12-02,5.8,300,1740.0,Paid
1726,Brandon Cordova,Consultation,Criminal Defense,2024-11-13,4.1,300,1230.0,Paid
1727,Gregory Campbell,Legal Advisory,Corporate Law,2025-01-26,1.8,250,450.0,Paid
1728,Laura Gonzalez,Mediation,Family Law,2024-09-29,1.3,300,390.0,Paid
1729,Mia Hamilton,Consultation,Probate Law,2024-05-01,7.9,400,3160.0,Pending
1730,Adrian Weaver,Contract Review,Business Law,2025-01-25,2.3,400,920.0,Paid
1731,Luis Bean,Consultation,Family Law,2024-09-22,5.4,350,1890.0,Paid
1732,James Anderson,Estate Planning,Employment Law,2024-12-08,4.9,300,1470.0,Paid
1733,Marc Wilson,Litigation,Criminal Defense,2025-01-29,2.1,350,735.0,Paid
1734,Carlos Conley,Estate Planning,Criminal Defense,2024-08-21,3.7,400,1480.0,Paid
1735,Jasmine Smith,Contract Review,Business Law,2024-08-25,2.3,350,805.0,Paid
1736,Shannon Allen,Contract Review,Employment Law,2024-05-29,1.1,300,330.0,Paid
1737,Jose Lewis,Mediation,Criminal Defense,2025-02-04,5.4,350,1890.0,Pending
1738,John Gonzalez,Litigation,Probate Law,2024-04-20,7.3,400,2920.0,Paid
1739,David Bradley,Litigation,Business Law,2024-05-14,1.6,250,400.0,Paid
1740,Scott Jones,Contract Review,Probate Law,2025-01-10,3.9,250,975.0,Overdue
1741,William Pham,Mediation,Employment Law,2024-11-22,4.8,250,1200.0,Paid
1742,Michael Garrett,Mediation,Business Law,2025-02-14,9.6,350,3360.0,Paid
1743,Dominique Bennett,Litigation,Probate Law,2024-03-08,1.8,300,540.0,Pending
1744,Emily Phillips,Legal Advisory,Criminal Defense,2024-08-20,5.3,250,1325.0,Paid
1745,Carlos Miller,Mediation,Business Law,2024-04-09,2.5,400,1000.0,Paid
1746,Jeffrey Mckay,Consultation,Family Law,2024-10-06,9.9,250,2475.0,Paid
1747,Matthew Madden,Consultation,Employment Law,2025-01-13,8.1,300,2430.0,Paid
1748,Andre Pace,Mediation,Probate Law,2024-10-15,9.6,350,3360.0,Overdue
1749,Tom Powell,Mediation,Criminal Defense,2025-03-03,6.8,400,2720.0,Paid
1750,Kristen Scott,Contract Review,Employment Law,2024-06-01,6.2,250,1550.0,Paid
1751,Debbie Fowler,Mediation,Corporate Law,2025-01-01,4.9,350,1715.0,Paid
1752,Eddie Jones,Mediation,Corporate Law,2025-01-23,1.4,350,490.0,Paid
1753,Joan Morales,Legal Advisory,Family Law,2025-01-29,4.0,250,1000.0,Overdue
1754,Jesse Woods,Contract Review,Probate Law,2024-11-24,8.7,400,3480.0,Paid
1755,Derek Jordan,Consultation,Corporate Law,2024-08-10,5.1,400,2040.0,Paid
1756,Jessica Baker,Mediation,Corporate Law,2024-12-27,5.2,400,2080.0,Paid
1757,Mallory Benton,Contract Review,Family Law,2024-12-06,1.3,350,455.0,Paid
1758,Jeffrey Gay,Mediation,Criminal Defense,2024-10-21,8.8,250,2200.0,Paid
1759,Betty Campbell,Consultation,Criminal Defense,2024-06-26,6.2,250,1550.0,Pending
1760,James Howard,Mediation,Corporate Law,2025-02-17,8.6,300,2580.0,Paid
1761,Cody Black,Consultation,Family Law,2025-01-12,4.1,250,1025.0,Paid
1762,Richard Dougherty,Consultation,Corporate Law,2024-12-04,6.0,250,1500.0,Paid
1763,Philip Vazquez,Legal Advisory,Employment Law,2024-04-30,6.4,400,2560.0,Paid
1764,Katherine Brown,Mediation,Corporate Law,2024-06-26,1.2,400,480.0,Paid
1765,Keith King,Mediation,Criminal Defense,2024-06-03,5.6,400,2240.0,Pending
1766,Peter Gonzalez,Contract Review,Business Law,2024-04-09,8.5,300,2550.0,Paid
1767,Summer Wong,Litigation,Corporate Law,2025-02-26,7.9,250,1975.0,Pending
1768,Donna Lewis,Contract Review,Employment Law,2024-08-05,1.3,350,455.0,Paid
1769,Joseph Saunders,Mediation,Probate Law,2024-09-15,3.2,250,800.0,Paid
1770,Steven Nelson,Litigation,Probate Law,2024-03-16,9.6,400,3840.0,Overdue
1771,Mariah Salazar,Consultation,Corporate Law,2025-01-07,9.4,300,2820.0,Paid
1772,Samantha Cannon,Consultation,Employment Law,2025-02-21,4.7,400,1880.0,Paid
1773,Mary Armstrong,Litigation,Probate Law,2024-12-09,4.5,350,1575.0,Overdue
1774,Benjamin Benson,Estate Planning,Probate Law,2024-12-31,2.1,350,735.0,Pending
1775,Carl Lee,Contract Review,Business Law,2024-11-19,2.9,350,1015.0,Paid
1776,James Bishop,Mediation,Criminal Defense,2024-05-04,2.4,300,720.0,Overdue
1777,Taylor Gordon,Mediation,Corporate Law,2024-03-12,3.5,300,1050.0,Paid
1778,Douglas Stephens,Litigation,Business Law,2024-05-19,6.8,250,1700.0,Paid
1779,Cheryl Thomas,Mediation,Employment Law,2024-07-15,4.3,300,1290.0,Pending
1780,Ronald Alvarez,Estate Planning,Corporate Law,2025-03-06,7.9,400,3160.0,Overdue
1781,Virginia Gardner,Mediation,Probate Law,2024-12-04,5.7,300,1710.0,Paid
1782,Annette Evans,Mediation,Criminal Defense,2024-03-12,5.1,400,2040.0,Pending
1783,Christopher Higgins,Mediation,Probate Law,2024-05-20,9.3,300,2790.0,Overdue
1784,Angela Francis,Estate Planning,Probate Law,2024-09-10,8.3,300,2490.0,Pending
1785,Vanessa Alexander,Consultation,Employment Law,2024-06-05,3.1,350,1085.0,Paid
1786,Joshua Phillips,Estate Planning,Criminal Defense,2024-04-16,1.8,250,450.0,Paid
1787,Ashley Gomez,Consultation,Business Law,2024-05-05,1.7,350,595.0,Paid
1788,Andrew Ballard,Contract Review,Corporate Law,2024-04-09,8.1,400,3240.0,Paid
1789,Jason Gomez,Litigation,Corporate Law,2024-10-15,8.6,300,2580.0,Paid
1790,Mrs. Carla Kelley,Litigation,Criminal Defense,2025-01-18,5.1,400,2040.0,Paid
1791,Morgan Olsen,Consultation,Corporate Law,2024-09-29,3.9,350,1365.0,Paid
1792,Dr. Fred Miller Jr.,Litigation,Employment Law,2024-03-16,1.6,400,640.0,Paid
1793,Valerie Bryant,Litigation,Corporate Law,2024-09-30,2.6,400,1040.0,Paid
1794,Janice Wright,Contract Review,Criminal Defense,2025-03-03,8.5,250,2125.0,Paid
1795,Julie Moran,Estate Planning,Probate Law,2024-09-29,2.7,400,1080.0,Pending
1796,Jeremy Proctor,Litigation,Employment Law,2024-10-15,1.8,400,720.0,Pending
1797,Joshua Anderson,Contract Review,Probate Law,2024-06-14,7.9,350,2765.0,Paid
1798,Jonathan Jones,Legal Advisory,Family Law,2024-04-29,6.9,250,1725.0,Paid
1799,Daniel George,Litigation,Criminal Defense,2024-12-10,2.5,350,875.0,Paid
1800,Annette Ashley,Litigation,Employment Law,2024-11-03,3.9,400,1560.0,Paid
1801,Jordan Richards,Estate Planning,Corporate Law,2024-05-27,6.7,350,2345.0,Paid
1802,Sandra Baker,Mediation,Family Law,2024-03-10,4.3,300,1290.0,Pending
1803,Eric Thomas,Estate Planning,Employment Law,2024-09-01,6.3,300,1890.0,Paid
1804,Jessica Smith,Consultation,Employment Law,2024-05-17,9.2,250,2300.0,Pending
1805,Ronald Fitzgerald Jr.,Mediation,Family Law,2024-06-12,4.2,250,1050.0,Overdue
1806,Elizabeth Davis,Consultation,Probate Law,2024-08-12,5.5,300,1650.0,Paid
1807,David Mitchell,Mediation,Employment Law,2024-04-29,9.1,400,3640.0,Pending
1808,Joel Kaiser,Legal Advisory,Family Law,2024-12-13,8.7,250,2175.0,Paid
1809,Sean Barber,Litigation,Criminal Defense,2024-08-23,6.8,300,2040.0,Paid
1810,Michael Buck,Legal Advisory,Criminal Defense,2024-04-10,10.0,300,3000.0,Paid
1811,Tyler Richards,Mediation,Employment Law,2024-08-21,2.4,250,600.0,Paid
1812,Joyce Farmer,Litigation,Family Law,2024-09-30,2.7,350,945.0,Paid
1813,Sabrina Williams,Litigation,Criminal Defense,2024-08-30,9.9,250,2475.0,Paid
1814,Anne Cervantes,Estate Planning,Corporate Law,2025-01-23,9.5,300,2850.0,Paid
1815,Ronald Reid,Estate Planning,Employment Law,2024-10-17,5.9,250,1475.0,Paid
1816,Sabrina Freeman,Litigation,Employment Law,2024-09-28,6.7,350,2345.0,Overdue
1817,Phillip Bird,Litigation,Criminal Defense,2024-12-14,5.4,250,1350.0,Paid
1818,Sarah Ruiz,Contract Review,Criminal Defense,2024-07-18,2.3,300,690.0,Paid
1819,William Pearson,Mediation,Corporate Law,2024-04-27,9.6,250,2400.0,Paid
1820,Madeline Koch,Mediation,Employment Law,2025-01-17,7.7,250,1925.0,Pending
1821,James Malone,Estate Planning,Family Law,2024-11-08,7.5,400,3000.0,Paid
1822,Caleb Esparza,Litigation,Family Law,2024-12-25,6.5,400,2600.0,Paid
1823,Joseph Hunt,Litigation,Employment Law,2024-07-25,5.1,300,1530.0,Paid
1824,Amy Mendoza,Estate Planning,Family Law,2024-05-04,7.3,250,1825.0,Pending
1825,Billy Brandt,Legal Advisory,Business Law,2025-02-03,7.5,250,1875.0,Pending
1826,Alex Smith,Mediation,Probate Law,2024-04-28,7.8,350,2730.0,Paid
1827,Melinda Jensen,Litigation,Corporate Law,2024-04-01,9.5,400,3800.0,Paid
1828,Jonathan Moreno,Consultation,Business Law,2024-03-06,8.9,350,3115.0,Pending
1829,Cynthia Gallagher,Litigation,Business Law,2024-09-26,2.7,300,810.0,Paid
1830,Tammy Adams,Mediation,Probate Law,2024-04-22,2.6,400,1040.0,Paid
1831,Megan Kennedy,Estate Planning,Family Law,2024-08-09,6.3,300,1890.0,Paid
1832,Cassie Powell,Estate Planning,Business Law,2024-12-22,8.6,300,2580.0,Paid
1833,Melissa Petersen,Contract Review,Employment Law,2025-01-11,3.4,400,1360.0,Overdue
1834,Kayla Riggs,Legal Advisory,Employment Law,2024-05-03,5.0,300,1500.0,Overdue
1835,Shannon Spencer,Legal Advisory,Business Law,2024-11-17,9.9,250,2475.0,Pending
1836,Melissa Brewer,Mediation,Probate Law,2024-08-03,7.0,300,2100.0,Paid
1837,Taylor Rodriguez,Litigation,Business Law,2024-06-01,5.3,300,1590.0,Paid
1838,Michael Ayala,Mediation,Corporate Law,2024-06-04,6.6,400,2640.0,Overdue
1839,Justin Trujillo II,Litigation,Family Law,2024-05-05,7.7,400,3080.0,Pending
1840,Ethan Juarez DDS,Litigation,Employment Law,2025-01-08,5.1,250,1275.0,Paid
1841,John Gay,Litigation,Criminal Defense,2025-01-14,5.6,300,1680.0,Pending
1842,Leah Hanson,Legal Advisory,Corporate Law,2024-04-13,1.0,400,400.0,Paid
1843,Dawn Ward,Legal Advisory,Employment Law,2024-03-11,4.3,300,1290.0,Paid
1844,Brian Graves,Contract Review,Corporate Law,2024-06-12,9.1,400,3640.0,Overdue
1845,Stephen Juarez,Estate Planning,Probate Law,2024-09-22,8.2,350,2870.0,Paid
1846,Melissa Norris,Contract Review,Corporate Law,2024-08-08,5.8,400,2320.0,Pending
1847,Michael Bean,Legal Advisory,Employment Law,2024-09-30,1.6,300,480.0,Paid
1848,Collin Spears,Estate Planning,Family Law,2025-02-23,9.1,400,3640.0,Paid
1849,Jeffrey Thompson,Litigation,Criminal Defense,2024-07-15,1.5,350,525.0,Paid
1850,Michael Jones,Consultation,Probate Law,2024-12-23,9.2,350,3220.0,Overdue
1851,Douglas Allen,Mediation,Criminal Defense,2024-03-16,9.3,300,2790.0,Paid
1852,Crystal Anderson,Contract Review,Employment Law,2024-04-25,1.9,400,760.0,Pending
1853,John Olson,Litigation,Criminal Defense,2025-01-03,4.1,300,1230.0,Paid
1854,Daniel Walker,Mediation,Probate Law,2024-07-09,2.0,300,600.0,Pending
1855,Donna Hughes,Litigation,Corporate Law,2024-04-24,1.1,250,275.0,Paid
1856,Collin Foster,Mediation,Corporate Law,2025-01-04,3.9,400,1560.0,Paid
1857,Brandy Ward,Contract Review,Corporate Law,2024-04-25,1.9,300,570.0,Paid
1858,Brittany Davis,Legal Advisory,Business Law,2024-11-11,5.5,250,1375.0,Paid
1859,William Boyd,Estate Planning,Employment Law,2024-08-08,7.0,300,2100.0,Overdue
1860,Justin Olson,Mediation,Business Law,2024-03-29,9.7,300,2910.0,Paid
1861,Stephanie Boyd,Estate Planning,Family Law,2024-05-13,9.4,400,3760.0,Overdue
1862,Melanie Jones,Legal Advisory,Employment Law,2024-04-27,7.0,350,2450.0,Overdue
1863,Antonio Todd,Contract Review,Family Law,2024-08-15,3.7,300,1110.0,Overdue
1864,Mason Anderson,Mediation,Probate Law,2024-11-16,7.1,350,2485.0,Paid
1865,Brian Lawrence,Consultation,Family Law,2025-02-14,5.9,300,1770.0,Overdue
1866,Louis Dixon,Estate Planning,Criminal Defense,2024-08-18,2.4,250,600.0,Paid
1867,Jeffrey Golden,Mediation,Employment Law,2024-08-02,1.1,250,275.0,Paid
1868,Laura Davis,Consultation,Family Law,2024-10-29,2.4,400,960.0,Paid
1869,William Dunn,Mediation,Corporate Law,2025-03-02,5.6,300,1680.0,Pending
1870,Sarah Herrera,Consultation,Family Law,2024-06-21,4.9,400,1960.0,Paid
1871,Daniel Williams,Mediation,Probate Law,2024-08-08,7.8,350,2730.0,Pending
1872,Alexa Farmer,Consultation,Employment Law,2024-12-12,3.0,350,1050.0,Overdue
1873,Shane Porter,Estate Planning,Corporate Law,2024-04-29,8.9,300,2670.0,Paid
1874,David Jackson,Mediation,Probate Law,2024-09-09,6.8,250,1700.0,Paid
1875,Teresa Burnett,Legal Advisory,Corporate Law,2025-01-03,2.6,400,1040.0,Paid
1876,Brian Thomas,Consultation,Probate Law,2024-12-28,4.0,350,1400.0,Pending
1877,Hannah Lopez,Contract Review,Criminal Defense,2025-03-06,3.8,350,1330.0,Paid
1878,Michael Walker,Mediation,Business Law,2025-01-17,2.2,300,660.0,Paid
1879,Joe Greene,Mediation,Probate Law,2024-09-17,1.4,300,420.0,Pending
1880,Emily Blackwell,Legal Advisory,Business Law,2024-09-29,1.6,250,400.0,Paid
1881,David King,Consultation,Probate Law,2024-09-06,7.3,250,1825.0,Paid
1882,Gabrielle Anderson MD,Contract Review,Criminal Defense,2025-01-25,9.9,300,2970.0,Paid
1883,Earl Buchanan,Litigation,Employment Law,2024-10-29,1.2,400,480.0,Paid
1884,Lisa Bush,Legal Advisory,Employment Law,2024-10-25,8.9,250,2225.0,Paid
1885,Juan Meyer,Contract Review,Probate Law,2024-10-10,4.2,250,1050.0,Paid
1886,Nicole Hernandez,Legal Advisory,Family Law,2025-01-22,6.6,400,2640.0,Overdue
1887,Nicole Smith,Legal Advisory,Employment Law,2025-02-14,9.9,400,3960.0,Overdue
1888,James Kirk,Contract Review,Corporate Law,2025-01-30,2.7,250,675.0,Paid
1889,Michael Frederick,Estate Planning,Corporate Law,2024-08-03,4.2,250,1050.0,Paid
1890,Kayla Shelton,Consultation,Corporate Law,2024-11-16,2.3,300,690.0,Paid
1891,Gregory Romero,Estate Planning,Business Law,2024-07-30,8.9,250,2225.0,Paid
1892,April Taylor,Litigation,Employment Law,2024-03-11,6.7,250,1675.0,Paid
1893,Caroline Palmer,Legal Advisory,Corporate Law,2024-06-05,8.1,250,2025.0,Paid
1894,Meghan Duncan,Estate Planning,Probate Law,2025-02-23,9.1,250,2275.0,Paid
1895,Andrew Gregory,Mediation,Probate Law,2024-12-15,7.7,400,3080.0,Overdue
1896,Cheryl Norton,Estate Planning,Probate Law,2024-08-08,1.2,400,480.0,Paid
1897,Johnathan Novak,Consultation,Probate Law,2024-08-29,9.0,300,2700.0,Pending
1898,Kristina Rodriguez,Litigation,Family Law,2024-11-03,3.1,250,775.0,Paid
1899,Garrett Shaw,Estate Planning,Employment Law,2024-12-22,7.7,250,1925.0,Paid
1900,Gina Wright,Litigation,Business Law,2025-01-07,9.6,250,2400.0,Paid
1901,Jennifer Chapman,Contract Review,Corporate Law,2024-09-25,1.6,400,640.0,Pending
1902,Jeffery Smith,Legal Advisory,Employment Law,2024-10-25,7.9,250,1975.0,Paid
1903,David Mccullough,Legal Advisory,Probate Law,2024-10-06,8.3,250,2075.0,Paid
1904,Jason Andrade,Legal Advisory,Corporate Law,2025-01-06,5.8,350,2030.0,Paid
1905,John Hernandez,Legal Advisory,Family Law,2024-07-24,5.4,300,1620.0,Paid
1906,Kathy Wolf,Consultation,Probate Law,2025-03-05,7.3,350,2555.0,Paid
1907,James Flores,Contract Review,Employment Law,2024-12-15,6.6,250,1650.0,Overdue
1908,Alan Castro,Estate Planning,Corporate Law,2024-12-04,9.0,300,2700.0,Paid
1909,Gloria Green,Estate Planning,Probate Law,2024-07-28,6.0,250,1500.0,Pending
1910,William Beasley,Mediation,Corporate Law,2024-10-13,1.6,300,480.0,Paid
1911,Cathy Sherman,Consultation,Family Law,2024-09-27,5.4,300,1620.0,Pending
1912,Michael Sanchez,Consultation,Business Law,2024-09-25,6.3,350,2205.0,Pending
1913,Angela Robbins,Litigation,Corporate Law,2024-03-26,8.6,300,2580.0,Paid
1914,Katherine Lewis,Estate Planning,Probate Law,2025-01-16,1.1,400,440.0,Overdue
1915,Aaron Herring,Litigation,Business Law,2024-04-07,9.1,300,2730.0,Paid
1916,Eric Perez,Consultation,Corporate Law,2025-01-29,6.5,250,1625.0,Paid
1917,Gregory Moore,Mediation,Employment Law,2024-06-21,1.4,350,490.0,Paid
1918,Jessica Bradley,Estate Planning,Business Law,2024-09-13,2.2,300,660.0,Paid
1919,Jennifer Williams,Consultation,Probate Law,2024-12-23,1.5,400,600.0,Overdue
1920,Austin Benitez,Consultation,Business Law,2024-10-05,9.6,300,2880.0,Pending
1921,Brandi Sullivan,Legal Advisory,Corporate Law,2025-02-22,6.9,350,2415.0,Paid
1922,William Bradley,Mediation,Family Law,2024-10-22,8.5,400,3400.0,Paid
1923,Julie Patel,Estate Planning,Corporate Law,2024-05-13,1.4,250,350.0,Overdue
1924,Amy Stevenson,Consultation,Criminal Defense,2024-12-06,6.9,250,1725.0,Paid
1925,Heather Burch,Mediation,Business Law,2025-01-19,8.6,300,2580.0,Overdue
1926,Timothy Cameron,Legal Advisory,Employment Law,2024-06-19,7.0,300,2100.0,Pending
1927,Guy Adams,Estate Planning,Criminal Defense,2024-06-14,1.3,400,520.0,Pending
1928,Jacqueline Anderson,Contract Review,Employment Law,2025-02-02,4.9,400,1960.0,Overdue
1929,John Collins,Mediation,Business Law,2024-11-01,6.1,400,2440.0,Overdue
1930,Roger Hodges,Consultation,Business Law,2024-08-17,3.1,300,930.0,Paid
1931,Jennifer Arias,Consultation,Business Law,2024-12-24,7.8,350,2730.0,Pending
1932,Thomas Johnson,Consultation,Employment Law,2024-07-01,9.1,250,2275.0,Paid
1933,Walter Miller,Mediation,Family Law,2025-03-01,7.1,250,1775.0,Paid
1934,Evan Wilson,Consultation,Business Law,2024-04-17,8.4,400,3360.0,Paid
1935,Carla Castaneda,Litigation,Employment Law,2024-07-08,2.7,300,810.0,Paid
1936,Mr. Robert Nelson,Mediation,Probate Law,2024-10-10,2.1,300,630.0,Paid
1937,Marie Ramos,Litigation,Business Law,2025-01-11,6.6,250,1650.0,Overdue
1938,Joseph Mccoy,Legal Advisory,Family Law,2024-09-15,3.4,250,850.0,Pending
1939,Eric Woodard,Legal Advisory,Employment Law,2024-04-07,3.8,300,1140.0,Paid
1940,Steven Browning,Litigation,Family Law,2024-05-06,8.4,400,3360.0,Paid
1941,Chloe Caldwell,Consultation,Criminal Defense,2024-09-19,6.1,250,1525.0,Paid
1942,Sergio Thomas,Consultation,Family Law,2025-01-15,6.0,400,2400.0,Overdue
1943,Michael Sosa,Contract Review,Corporate Law,2024-12-05,5.3,300,1590.0,Paid
1944,Michelle Parker,Estate Planning,Probate Law,2024-09-17,5.7,300,1710.0,Paid
1945,Albert Brooks,Estate Planning,Family Law,2024-05-08,8.6,300,2580.0,Paid
1946,Bethany Thompson,Mediation,Family Law,2024-12-28,9.1,250,2275.0,Pending
1947,Brett Allen,Litigation,Employment Law,2025-01-28,4.3,400,1720.0,Paid
1948,Caleb Barrett,Litigation,Corporate Law,2024-05-09,9.4,350,3290.0,Pending
1949,James Shepard,Mediation,Employment Law,2024-05-22,3.5,350,1225.0,Paid
1950,Frederick Martinez,Consultation,Corporate Law,2024-06-23,8.0,250,2000.0,Paid
1951,Jose Pierce,Estate Planning,Probate Law,2025-02-15,3.8,400,1520.0,Paid
1952,Kelly Wells,Litigation,Criminal Defense,2024-06-08,8.2,400,3280.0,Paid
1953,Thomas Jackson,Contract Review,Business Law,2024-07-31,2.0,350,700.0,Paid
1954,Joanna Ewing,Legal Advisory,Family Law,2024-05-06,3.2,250,800.0,Paid
1955,Kara Garza,Estate Planning,Probate Law,2024-06-21,9.6,350,3360.0,Paid
1956,Joshua Phillips,Litigation,Corporate Law,2024-04-20,5.9,350,2065.0,Paid
1957,Jessica Holmes,Litigation,Corporate Law,2024-11-18,9.7,300,2910.0,Pending
1958,Nancy Petty,Estate Planning,Criminal Defense,2024-10-23,9.7,250,2425.0,Pending
1959,Kayla Price,Estate Planning,Employment Law,2024-07-05,1.8,300,540.0,Paid
1960,Jose Wright,Estate Planning,Business Law,2024-12-03,3.8,250,950.0,Paid
1961,Monique Liu,Mediation,Employment Law,2024-05-10,9.9,350,3465.0,Paid
1962,Angela Contreras,Mediation,Corporate Law,2024-07-07,4.5,300,1350.0,Overdue
1963,Keith Gonzalez,Contract Review,Business Law,2024-12-26,7.4,400,2960.0,Paid
1964,Gary Kramer,Litigation,Probate Law,2024-08-11,8.8,400,3520.0,Paid
1965,Lindsey Jacobs,Contract Review,Criminal Defense,2024-04-29,3.5,400,1400.0,Paid
1966,Mitchell Sanders,Litigation,Criminal Defense,2025-01-15,2.9,400,1160.0,Paid
1967,Thomas Oliver,Consultation,Business Law,2025-02-25,3.1,350,1085.0,Paid
1968,Fernando Macdonald,Litigation,Family Law,2025-02-03,8.6,400,3440.0,Paid
1969,Janet Mcneil,Consultation,Criminal Defense,2024-12-26,1.0,350,350.0,Paid
1970,Thomas Morrow,Contract Review,Business Law,2025-02-25,4.1,350,1435.0,Paid
1971,Amanda Benjamin,Litigation,Family Law,2025-02-18,9.2,400,3680.0,Paid
1972,Daniel Williamson,Mediation,Business Law,2025-02-26,3.9,400,1560.0,Paid
1973,Spencer Kline,Mediation,Criminal Defense,2025-02-05,3.6,350,1260.0,Paid
1974,Jonathan Rich,Contract Review,Criminal Defense,2025-01-22,7.6,350,2660.0,Overdue
1975,Linda Rodriguez,Estate Planning,Employment Law,2024-11-18,9.9,400,3960.0,Paid
1976,Nicholas Joseph,Consultation,Criminal Defense,2024-11-22,2.7,350,945.0,Pending
1977,Don Williams,Estate Planning,Employment Law,2024-08-29,1.2,350,420.0,Paid
1978,Elizabeth Garcia PhD,Mediation,Corporate Law,2024-10-29,3.7,400,1480.0,Paid
1979,Michael Stephenson,Estate Planning,Business Law,2024-06-04,9.9,350,3465.0,Paid
1980,Anita Bryant,Litigation,Probate Law,2024-08-05,5.3,250,1325.0,Overdue
1981,Jessica Hunt,Estate Planning,Employment Law,2024-07-20,2.5,250,625.0,Paid
1982,Brandy Odonnell,Consultation,Criminal Defense,2024-07-08,4.4,300,1320.0,Pending
1983,Glenn Robinson,Estate Planning,Employment Law,2024-09-18,2.9,300,870.0,Paid
1984,Brittany Rodriguez,Consultation,Employment Law,2025-02-10,4.5,400,1800.0,Pending
1985,Danielle Woods,Legal Advisory,Corporate Law,2024-06-12,6.9,300,2070.0,Overdue
1986,Betty Smith,Mediation,Corporate Law,2025-03-04,3.4,350,1190.0,Pending
1987,Christopher Willis,Consultation,Probate Law,2024-05-15,5.6,250,1400.0,Paid
1988,Lauren Rodriguez,Mediation,Employment Law,2024-08-08,5.7,300,1710.0,Paid
1989,Jeffrey Fox,Mediation,Probate Law,2024-07-26,4.3,300,1290.0,Pending
1990,Kristin Ward,Mediation,Corporate Law,2024-10-14,6.9,300,2070.0,Paid
1991,Mrs. Susan Jones,Contract Review,Criminal Defense,2025-01-24,4.6,300,1380.0,Paid
1992,Lisa Wallace,Contract Review,Employment Law,2024-12-31,6.4,300,1920.0,Paid
1993,Jamie Murray,Mediation,Family Law,2024-07-05,7.9,400,3160.0,Paid
1994,Frank Saunders,Contract Review,Probate Law,2024-10-25,2.5,350,875.0,Paid
1995,Dean Barnes,Mediation,Employment Law,2024-07-02,3.3,300,990.0,Paid
1996,Dylan Lopez,Legal Advisory,Criminal Defense,2024-06-01,1.9,300,570.0,Paid
1997,Daniel Leon,Mediation,Corporate Law,2024-11-07,6.1,250,1525.0,Paid
1998,Julia Mullins,Contract Review,Criminal Defense,2024-04-30,6.8,400,2720.0,Paid
1999,Deborah Nelson,Legal Advisory,Employment Law,2025-01-14,5.5,400,2200.0,Paid
